INFLATION EXPECTATIONS; YEAR-ON-YEAR CHANGE IN HICP,,,,,,,,,,,,,,,,,,,,,
TARGET_PERIOD,FCT_SOURCE,POINT,TN1_0,FN1_0TN0_6,FN0_5TN0_1,F0_0T0_4,F0_5T0_9,F1_0T1_4,F1_5T1_9,F2_0T2_4,F2_5T2_9,F3_0T3_4,F3_5T3_9,F4_0,,,,,,,
2012,1,2.1,,,,,,,5,80,15,,,,,,,,,,
2012,2,2.7,,,,,,,,15,70,15,,,,,,,,,
2012,3,,,,,,,,,,,,,,,,,,,,
2012,4,2.2,,,,,,,10,70,20,,,,,,,,,,
2012,5,2.6,,,,,,,,10,80,10,,,,,,,,,
2012,6,2.6,,,,,,,,10,85,5,,,,,,,,,
2012,7,2.4,,,,,,,,,,,,,,,,,,,
2012,8,2.5,,,,,,,1,42,56,1,,,,,,,,,
2012,14,2.3,,,,,,,,,,,,,,,,,,,
2012,15,2.5,,,,,,,,40,60,,,,,,,,,,
2012,16,2.5,0,0,0,0,0,0,2,38,45,15,0,0,,,,,,,
2012,20,2.6,,,,,,,,10,90,,,,,,,,,,
2012,22,2.5,,,,,,,0,30,70,,,,,,,,,,
2012,23,2.5,,,,,,,,20,80,,,,,,,,,,
2012,24,2.5,,,,,,,,50,50,,,,,,,,,,
2012,26,2.5,,,,,,,15,35,35,15,,,,,,,,,
2012,29,2.5,,,,,,,,40,50,10,,,,,,,,,
2012,30,2.5,,,,,,,,,100,,,,,,,,,,
2012,31,2.4,,,,,,,,60,40,,,,,,,,,,
2012,32,2.4,,,,,,1,10,44,42,3,,,,,,,,,
2012,33,2.5,,,,,,,,50,50,,,,,,,,,,
2012,37,2.5,,,,,,,,20,80,,,,,,,,,,
2012,38,2.5,,,,,,,,10,80,10,,,,,,,,,
2012,39,2.5,,,,,,,,10,90,,,,,,,,,,
2012,41,2.4,,,,,,,,80,20,,,,,,,,,,
2012,42,2.4,,,,,,5,20,40,30,5,,,,,,,,,
2012,47,2.5,0,0,1,5,8,11,20,24,25,6,0,0,,,,,,,
2012,48,2.5,,,,,,,,,50,50,,,,,,,,,
2012,52,2.5,0,0,0,0,0,0,0,50,50,0,0,0,,,,,,,
2012,56,2.5,0,0,0,0,0,0,0,30,70,0,0,0,,,,,,,
2012,57,2.4,,,,,,,,,,,,,,,,,,,
2012,58,2.5,,,,,,,,,,,,,,,,,,,
2012,67,2.7,,,,,,5,15,20,30,15,10,5,,,,,,,
2012,68,2.3,,,,,,,,60,40,,,,,,,,,,
2012,70,2.5,,,,,,,,10,90,,,,,,,,,,
2012,82,2.5,,,,,,,,,,,,,,,,,,,
2012,84,2.4,0,0,0,0,0,0,0,55,45,0,0,0,,,,,,,
2012,85,2.5251193197,0,0,0,0,0,0,.0000000204,10.5431999547,89.4479161305,.0088838944,0,0,,,,,,,
2012,88,2.5,,,,,,5,10,21,28,21,10,5,,,,,,,
2012,89,2.5,0,0,0,0,0,0,5,45,45,5,0,0,,,,,,,
2012,92,2.5,0,0,0,0,0,0,0,50,50,0,0,0,,,,,,,
2012,93,2.5,,,,,,2.5,7.5,10,80,,,,,,,,,,
2012,94,2.7,,,,,,,,10,82,8,,,,,,,,,
2012,95,2.3833333333,0,0,0,6.6666666667,0,6.6666666667,6.6666666667,23.3333333333,36.6666666666,13.3333333333,6.6666666667,0,,,,,,,
2012,96,2.3,,,,,,,,55,45,,,,,,,,,,
2012,98,2.6,,,,,,,,20,70,10,,,,,,,,,
2012,99,2.4,,,,,,,20,45,35,,,,,,,,,,
2012,101,2.6,0,0,0,0,0,0,0,10,80,10,0,0,,,,,,,
2012,103,2.5,,,,,,,,40,60,,,,,,,,,,
2012,104,2.5,0,0,0,0,0,0,5,20,60,15,0,0,,,,,,,
2012,105,2.4,,,,,,,,90,10,,,,,,,,,,
2012,107,2.5,0,0,0,0,0,0,0,50,50,0,0,0,,,,,,,
2012,108,2.60339,,,,,,,4.43,25.82,41.17,24.06,4.52,,,,,,,,
2012,110,2.4,0,0,0,0,0,0,.0015916865,49.9984083135,49.9984083135,.0015916865,0,0,,,,,,,
2012,111,2.5,,,,,,,,,100,,,,,,,,,,
2012,112,2.5,,,,,,,5,30,60,5,,,,,,,,,
2013,1,1.8,,,,,,20,50,30,,,,,,,,,,,
2013,2,2.8,,,,,,2,10,18,40,22,8,,,,,,,,
2013,3,,,,,,,,,,,,,,,,,,,,
2013,4,1.6,,,,,5,20,50,20,5,,,,,,,,,,
2013,5,2.1,,,,,,10,20,60,10,,,,,,,,,,
2013,6,1.9,,,,,,5,45,30,20,,,,,,,,,,
2013,7,1.8,,,,,,,,,,,,,,,,,,,
2013,8,2,,,1,4,7,15,26,28,15,3,1,,,,,,,,
2013,14,2,,,,,,,,,,,,,,,,,,,
2013,15,1.9,,,,,,15,55,20,10,,,,,,,,,,
2013,16,2.1,0,1,2,3,8,12,20,23,19,8,3,1,,,,,,,
2013,20,2.1,,,,,,15,35,40,10,,,,,,,,,,
2013,22,1.9,,,,,5,15,50,25,5,,,,,,,,,,
2013,23,1.9,,,,1,10,20,30,25,13,1,,,,,,,,,
2013,24,1.8,,,,,12.5,15,27.5,25,17.5,2.5,,,,,,,,,
2013,26,1.9,,,,,5,20,30,25,15,5,,,,,,,,,
2013,29,2.5,,,,,,,,40,50,10,,,,,,,,,
2013,30,1.9,,,,,,10,50,40,,,,,,,,,,,
2013,31,1.8,,,,,10,20,40,30,,,,,,,,,,,
2013,32,1.9,,,,,5,15,37,25,16,2,,,,,,,,,
2013,33,2,,,,,,,50,50,,,,,,,,,,,
2013,37,2,,,,,,5,41,45,9,,,,,,,,,,
2013,38,1.6,,,,,,20,60,20,,,,,,,,,,,
2013,39,1.9,,,,,10,15,55,15,5,,,,,,,,,,
2013,41,1.8,,,,,,30,60,10,,,,,,,,,,,
2013,42,2,,,,,5,15,30,40,10,,,,,,,,,,
2013,47,2,0,2,3,5,10,12,20,22,18,5,3,0,,,,,,,
2013,48,1.9,,,,,,20,40,40,,,,,,,,,,,
2013,52,1.8,0,0,0,0,0,11,54,30,5,0,0,0,,,,,,,
2013,56,1.9,0,0,0,0,0,5,80,15,0,0,0,0,,,,,,,
2013,57,2.1,,,,,,,,,,,,,,,,,,,
2013,58,1.1,,,,,,,,,,,,,,,,,,,
2013,67,2.2,,,,,5,10,20,30,20,10,5,,,,,,,,
2013,68,1.6,,,,0,15,20,30,25,10,,,,,,,,,,
2013,70,1.6,,,,,,,75,25,,,,,,,,,,,
2013,82,1.8,,,,,,,,,,,,,,,,,,,
2013,84,1.9,0,0,0,0,5,18,30,28,12,6,1,0,,,,,,,
2013,85,1.7989325347,.0004099968,.0107734113,.1630282627,1.394853262,6.7645903138,18.6356243041,29.208905864,26.0662145221,13.2418603263,3.8251873055,.6271773525,.0613750789,,,,,,,
2013,88,1.9,,,2.5,5,9,18,25,22,11,5,2.5,,,,,,,,
2013,89,2.1,0,0,0,0,5,10,20,30,20,10,5,0,,,,,,,
2013,92,1.9,.0005012382,.0123503862,.1775386413,1.4592520009,6.8740797358,16.132733036,28.3785147657,28.9235989099,12.551820396,4.5773831945,.8224467345,.089780961,,,,,,,
2013,93,2.1,,,,,,5,17.5,72.5,5,,,,,,,,,,
2013,94,2.6,,,,,1.5,8,10,20,32,16,10,2.5,,,,,,,
2013,95,1.7512169312,0,.5291005291,2.1164021164,4.5291005291,6.7619047619,20.6984126984,29.0476190477,15.8624338624,12.9894179894,5.291005291,1.1164021164,1.0582010582,,,,,,,
2013,96,1.8,,,,5,10,20,40,15,10,,,,,,,,,,
2013,98,1.8,,,,,5,25,40,20,10,,,,,,,,,,
2013,99,1.7,,,,,,20,50,30,,,,,,,,,,,
2013,101,2,0,0,0,0,5,5,40,40,5,5,0,0,,,,,,,
2013,103,2,,,,,5,15,25,35,15,5,,,,,,,,,
2013,104,1.9,0,0,0,0,5,20,35,25,10,5,0,0,,,,,,,
2013,105,1.7,,,,,5,20,60,15,,,,,,,,,,,
2013,107,1.9,.0005012382,.0123503862,.1775386413,1.4592520009,6.8740797358,16.132733036,28.3785147657,28.9235989099,12.551820396,4.5773831945,.8224467345,.089780961,,,,,,,
2013,108,2.061115,,,,,4.57,13.72,22.87,27.78,19.41,10.08,1.57,,,,,,,,
2013,110,1.8,0,.0000000001,.0000010558,.0018268587,.3960616362,11.5122402458,49.6853186802,34.5618346027,3.7837024621,.0588953508,.000119078,.0000000296,,,,,,,
2013,111,,,,,,,,,,,,,,,,,,,,
2013,112,2,,,,,,10,35,35,15,5,,,,,,,,,
2013Sep,1,1.9,,,,,5,10,60,20,5,,,,,,,,,,
2013Sep,2,2.8,,,,,2,6,10,18,35,20,7,2,,,,,,,
2013Sep,3,2.2,,2.5,2.5,7.5,7.5,12.5,20,25,17.5,2.5,2.5,,,,,,,,
2013Sep,4,1.5,,,,,5,20,50,20,5,,,,,,,,,,
2013Sep,5,2,,,,,10,20,30,30,10,,,,,,,,,,
2013Sep,6,2,,,,,,,30,45,20,5,,,,,,,,,
2013Sep,7,1.6,,,,,,,,,,,,,,,,,,,
2013Sep,8,2,,,,3,6,15,29,31,13,3,,,,,,,,,
2013Sep,14,2,,,,,,,,,,,,,,,,,,,
2013Sep,15,1.9,,,,,5,15,45,25,5,5,,,,,,,,,
2013Sep,16,1.9,1,2,3,4,10,18,23,21,10,5,2,1,,,,,,,
2013Sep,20,2,,,,,,20,40,30,10,,,,,,,,,,
2013Sep,22,1.8,,,,,10,20,45,20,5,,,,,,,,,,
2013Sep,23,1.9,,,,1,13,20,30,24,10,2,,,,,,,,,
2013Sep,24,1.7,,,,5,12.5,20,25,20,12.5,5,,,,,,,,,
2013Sep,26,1.6,,,,,5,25,35,20,15,,,,,,,,,,
2013Sep,29,2.5,,,,,,,,40,50,10,,,,,,,,,
2013Sep,30,1.8,,,,,,15,50,35,,,,,,,,,,,
2013Sep,31,1.5,,,,10,20,30,35,5,,,,,,,,,,,
2013Sep,32,,,,,,,,,,,,,,,,,,,,
2013Sep,33,2,,,,,,,50,50,,,,,,,,,,,
2013Sep,37,1.7,,,,,,8,41,41,9,1,,,,,,,,,
2013Sep,38,1.6,,,,,,20,60,20,,,,,,,,,,,
2013Sep,39,1.7,,,,,,15,65,20,,,,,,,,,,,
2013Sep,41,,,,,,,,,,,,,,,,,,,,
2013Sep,42,1.9,,,,,10,15,35,25,15,,,,,,,,,,
2013Sep,47,1.74,,,,,,,,,,,,,,,,,,,
2013Sep,48,2,,,,,,20,20,60,,,,,,,,,,,
2013Sep,52,1.8,0,0,0,0,0,11,54,30,5,0,0,0,,,,,,,
2013Sep,56,1.6417273245,0,0,0,0,0,20,70,10,0,0,0,0,,,,,,,
2013Sep,57,1.6,,,,,,,,,,,,,,,,,,,
2013Sep,58,,,,,,,,,,,,,,,,,,,,
2013Sep,67,,,,,,,,,,,,,,,,,,,,
2013Sep,68,,,,,,,,,,,,,,,,,,,,
2013Sep,70,,,,,,,,,,,,,,,,,,,,
2013Sep,82,1.5,,,,,,,,,,,,,,,,,,,
2013Sep,84,,,,,,,,,,,,,,,,,,,,
2013Sep,85,1.7121444224,.0029428241,.0448745472,.4337688168,2.5615457755,9.2551088057,20.4844891722,27.7963554432,23.1319485791,11.8035330874,3.6904751262,.7062086919,.0887491307,,,,,,,
2013Sep,88,1.9,,,2.5,5,10,20,25,20,10,5,2.5,,,,,,,,
2013Sep,89,1.9,0,0,0,5,10,15,20,20,15,10,5,0,,,,,,,
2013Sep,92,1.7,.145855586,.619213838,2.2815076078,6.2482215097,12.7214748949,17.1269896139,21.7134738994,20.2511385051,10.4809601466,5.7252997607,2.0294746683,.6563899696,,,,,,,
2013Sep,93,2,,,,,,7.5,17.5,70,5,,,,,,,,,,
2013Sep,94,2.4,,,,,4,8,13,30,20,12,8,5,,,,,,,
2013Sep,95,1.875,0,0,2.25,3,5,17.5,32.75,17.25,9.75,6.25,6.25,0,,,,,,,
2013Sep,96,1.7,,,,5,10,25,40,15,5,,,,,,,,,,
2013Sep,98,1.6,,,,5,15,25,35,15,5,,,,,,,,,,
2013Sep,99,,,,,,,,,,,,,,,,,,,,
2013Sep,101,1.9,,,,,,,,,,,,,,,,,,,
2013Sep,103,1.6,,,,,5,15,35,25,15,5,,,,,,,,,
2013Sep,104,1.8,0,0,0,0,5,15,35,25,15,5,0,0,,,,,,,
2013Sep,105,1.9,,,,,5,20,50,20,5,,,,,,,,,,
2013Sep,107,1.7,.145855586,.619213838,2.2815076078,6.2482215097,12.7214748949,17.1269896139,21.7134738994,20.2511385051,10.4809601466,5.7252997607,2.0294746683,.6563899696,,,,,,,
2013Sep,108,2.04329,,,,.11,5.6,14.08,22.57,26.7,18.78,10.17,1.99,,,,,,,,
2013Sep,110,1.7,.0868056563,.2947016276,1.4583409117,4.7377889384,11.0926300719,18.7216815549,22.7811922028,19.9873851664,12.6434514112,5.7655941706,1.8949138292,.535514459,,,,,,,
2013Sep,111,,,,,,,,,,,,,,,,,,,,
2013Sep,112,2,,,,,,5,30,35,20,10,,,,,,,,,
2014,1,1.9,,,,,5,15,60,15,5,,,,,,,,,,
2014,2,2.5,,,,,5,10,15,20,20,15,10,5,,,,,,,
2014,3,,,,,,,,,,,,,,,,,,,,
2014,4,1.6,,,,5,10,15,40,15,10,5,,,,,,,,,
2014,5,1.8,,,,,,20,50,20,10,,,,,,,,,,
2014,6,2,,,,,,,30,40,30,,,,,,,,,,
2014,7,1.7,,,,,,,,,,,,,,,,,,,
2014,8,1.9,1,2,3,4,9,15,23,22,15,3,2,1,,,,,,,
2014,14,2,,,,,,,,,,,,,,,,,,,
2014,15,1.9,,,,,10,10,35,25,15,5,,,,,,,,,
2014,16,2,1,2,3,8,12,16,18,16,12,8,3,1,,,,,,,
2014,20,2,,,,,5,20,30,35,10,,,,,,,,,,
2014,22,1.8,,,,,10,20,40,20,10,,,,,,,,,,
2014,23,1.5,,,,5,10,20,25,18,15,5,2,,,,,,,,
2014,24,1.7,,,,5,12.5,22.5,25,20,10,5,,,,,,,,,
2014,26,1.9,,,,2.5,7.5,20,25,25,15,5,,,,,,,,,
2014,29,2.5,,,,,,,,40,50,10,,,,,,,,,
2014,30,,,,,,,,,,,,,,,,,,,,
2014,31,2.2,,,,,5,15,30,35,10,5,,,,,,,,,
2014,32,,,,,,,,,,,,,,,,,,,,
2014,33,2,,,,,,20,30,30,20,,,,,,,,,,
2014,37,2,,,,,,4,40,45,10,1,,,,,,,,,
2014,38,1.8,,,,,,20,60,20,,,,,,,,,,,
2014,39,1.9,,,,,5,15,60,15,5,,,,,,,,,,
2014,41,1.7,,,,,,20,60,20,,,,,,,,,,,
2014,42,1.9,,,,,5,10,40,35,10,,,,,,,,,,
2014,47,1.9,0,3,5,8,10,12,20,20,15,4,3,0,,,,,,,
2014,48,,,,,,,,,,,,,,,,,,,,
2014,52,1.5,0,0,0,1,6,39,42,11,1,0,0,0,,,,,,,
2014,56,1.9,0,0,0,0,0,15,70,15,0,0,0,0,,,,,,,
2014,57,2,,,,,,,,,,,,,,,,,,,
2014,58,.6,,,,,,,,,,,,,,,,,,,
2014,67,2.5,,,,,,5,10,20,30,20,10,5,,,,,,,
2014,68,1.6,,,,0,15,20,30,25,10,,,,,,,,,,
2014,70,1.5,,,,,,10,65,25,,,,,,,,,,,
2014,82,,,,,,,,,,,,,,,,,,,,
2014,84,1.9,0,0,0,1,8,17,26,25,15,6,1,1,,,,,,,
2014,85,1.4693916318,.1252181898,.6202393132,2.4966626941,7.1755184062,14.7293147238,21.599807056,22.6313968359,16.9423606741,9.0613921586,3.4616607722,.9443007239,.2121284522,,,,,,,
2014,88,1.8,,,2.5,5,10,20,25,20,10,5,2.5,,,,,,,,
2014,89,1.9,0,0,0,2.5,7.5,15,25,25,15,7.5,2.5,0,,,,,,,
2014,92,1.9,.0070189474,.0743277779,.5492047888,2.6718079514,8.5651126071,15.8646161422,24.884950228,25.8410638702,13.1406440786,6.3089258157,1.7366792159,.3556485768,,,,,,,
2014,93,1.9,,,,,,2.5,62.5,35,,,,,,,,,,,
2014,94,2.2,,,,2,6,12,15,30,18,10,5,2,,,,,,,
2014,95,1.8512169312,0,.5291005291,1.1164021164,2.5291005291,7.7619047619,17.6984126984,29.0476190477,18.8624338624,13.9894179894,5.291005291,2.1164021164,1.0582010582,,,,,,,
2014,96,2,,,,,,,,,,,,,,,,,,,
2014,98,1.6,,,,5,15,25,35,15,5,,,,,,,,,,
2014,99,,,,,,,,,,,,,,,,,,,,
2014,101,,,,,,,,,,,,,,,,,,,,
2014,103,,,,,,,,,,,,,,,,,,,,
2014,104,1.8,0,0,0,0,5,15,35,25,15,5,0,0,,,,,,,
2014,105,1.9,,,,,5,15,55,20,5,,,,,,,,,,
2014,107,1.9,.0070189474,.0743277779,.5492047888,2.6718079514,8.5651126071,15.8646161422,24.884950228,25.8410638702,13.1406440786,6.3089258157,1.7366792159,.3556485768,,,,,,,
2014,108,2.05408,,,,.49,6.44,13.93,21.42,25.3,18.41,10.8,3.21,,,,,,,,
2014,110,1.8,.0000002904,.0000298299,.0038649159,.1761887036,2.8842846087,17.2133980978,37.9582542521,31.1553024813,9.499722667,1.0650550992,.043268188,.0006308661,,,,,,,
2014,111,,,,,,,,,,,,,,,,,,,,
2014,112,2.5,,,,,,5,20,35,30,10,,,,,,,,,
2014Sep,1,1.9,,,,,5,10,60,20,5,,,,,,,,,,
2014Sep,2,2.4,,,,2,5,10,15,18,18,17,12,3,,,,,,,
2014Sep,3,,,,,,,,,,,,,,,,,,,,
2014Sep,4,1.7,,,,5,10,15,40,15,10,5,,,,,,,,,
2014Sep,5,1.7,,,,,10,30,30,30,,,,,,,,,,,
2014Sep,6,2,,,,,,5,25,45,20,5,,,,,,,,,
2014Sep,7,1.8,,,,,,,,,,,,,,,,,,,
2014Sep,8,2,1,2,3,4,9,15,22,23,15,3,2,1,,,,,,,
2014Sep,14,2,,,,,,,,,,,,,,,,,,,
2014Sep,15,1.8,,,,,5,25,40,15,10,5,,,,,,,,,
2014Sep,16,2,0,1,2,3,8,12,20,23,19,8,3,1,,,,,,,
2014Sep,20,2,,,,,5,20,30,35,10,,,,,,,,,,
2014Sep,22,1.9,,,,,10,25,40,20,5,,,,,,,,,,
2014Sep,23,1.6,,,,5,10,18,25,20,15,5,2,,,,,,,,
2014Sep,24,1.5,,,5,7.5,15,22.5,22.5,12.5,10,5,,,,,,,,,
2014Sep,26,1.9,,,,2.5,7.5,20,25,25,15,5,,,,,,,,,
2014Sep,29,2.5,,,,,,,,40,50,10,,,,,,,,,
2014Sep,30,,,,,,,,,,,,,,,,,,,,
2014Sep,31,2.4,,,,,10,20,25,30,10,5,,,,,,,,,
2014Sep,32,,,,,,,,,,,,,,,,,,,,
2014Sep,33,2,,,,,,20,30,30,20,,,,,,,,,,
2014Sep,37,2.2,,,,,,2,20,45,30,3,,,,,,,,,
2014Sep,38,1.9,,,,,,20,60,20,,,,,,,,,,,
2014Sep,39,1.9,,,,,5,15,60,15,5,,,,,,,,,,
2014Sep,41,,,,,,,,,,,,,,,,,,,,
2014Sep,42,2,,,,,5,15,30,35,15,,,,,,,,,,
2014Sep,47,2.06,,,,,,,,,,,,,,,,,,,
2014Sep,48,,,,,,,,,,,,,,,,,,,,
2014Sep,52,1.5,0,0,0,1,6,39,42,11,1,0,0,0,,,,,,,
2014Sep,56,2,0,0,0,0,5,10,15,55,15,0,0,0,,,,,,,
2014Sep,57,1.8,,,,,,,,,,,,,,,,,,,
2014Sep,58,,,,,,,,,,,,,,,,,,,,
2014Sep,67,,,,,,,,,,,,,,,,,,,,
2014Sep,68,,,,,,,,,,,,,,,,,,,,
2014Sep,70,,,,,,,,,,,,,,,,,,,,
2014Sep,82,,,,,,,,,,,,,,,,,,,,
2014Sep,84,,,,,,,,,,,,,,,,,,,,
2014Sep,85,1.5222152514,.1786594269,.7399832844,2.6549994882,7.0479591522,13.8456707452,20.1319060164,21.6678128419,17.2628418355,10.1801149753,4.4430564213,1.4348849146,.4121108981,,,,,,,
2014Sep,88,1.8,,,2.5,5,10,20,25,20,10,5,2.5,,,,,,,,
2014Sep,89,1.9,0,0,2.5,7.5,10,17.5,25,17.5,7.5,5,5,2.5,,,,,,,
2014Sep,92,1.8,.229022557,.7642717333,2.4249440274,5.9851190512,11.4924391883,15.2564053591,19.88383368,20.0411283421,11.710460498,7.4734467445,3.2648570626,1.4740717565,,,,,,,
2014Sep,93,2.2,,,,,,,20,60,20,,,,,,,,,,
2014Sep,94,1.9,,,2,4,10,13,25,17,12,9,6,2,,,,,,,
2014Sep,95,1.835,0,0,1.25,2,4,21.5,33.75,18.25,10.75,6.25,2.25,0,,,,,,,
2014Sep,96,2,,,,,,,,,,,,,,,,,,,
2014Sep,98,1.7,,,,10,15,17.5,22.5,20,15,,,,,,,,,,
2014Sep,99,,,,,,,,,,,,,,,,,,,,
2014Sep,101,,,,,,,,,,,,,,,,,,,,
2014Sep,103,,,,,,,,,,,,,,,,,,,,
2014Sep,104,1.8,0,0,0,0,5,15,35,25,15,5,0,0,,,,,,,
2014Sep,105,1.8,,,,,5,20,35,25,10,5,,,,,,,,,
2014Sep,107,1.8,.229022557,.7642717333,2.4249440274,5.9851190512,11.4924391883,15.2564053591,19.88383368,20.0411283421,11.710460498,7.4734467445,3.2648570626,1.4740717565,,,,,,,
2014Sep,108,2.05996,,,,.53,6.48,13.85,21.21,25.14,18.41,10.93,3.45,,,,,,,,
2014Sep,110,1.9,.0436648101,.1619892409,.8796129491,3.1717079337,8.2967681886,15.7490026005,21.6972542771,21.697254277,15.7490026005,8.2967681886,3.1717079337,1.0852670002,,,,,,,
2014Sep,111,,,,,,,,,,,,,,,,,,,,
2014Sep,112,2.5,,,,,,5,20,30,35,10,,,,,,,,,
2017,1,1.9,,,,,5,20,50,20,5,,,,,,,,,,
2017,2,2,,1,4,6,7,12,20,20,15,8,5,2,,,,,,,
2017,3,2.1,2.5,2.5,2.5,5,7.5,10,15,20,15,10,5,5,,,,,,,
2017,4,2,,,,5,10,20,30,20,10,5,,,,,,,,,
2017,5,1.8,,,,,15,25,35,15,10,,,,,,,,,,
2017,6,2,,,,,,5,10,50,30,5,,,,,,,,,
2017,7,2,,,,,,,,,,,,,,,,,,,
2017,8,2,,,1,2,9,17,23,25,15,5,2,1,,,,,,,
2017,14,2,,,,,,,,,,,,,,,,,,,
2017,15,1.9,,,,,5,20,35,25,10,5,,,,,,,,,
2017,16,1.7,5,5,6,7,13,14,16,12,9,7,5,1,,,,,,,
2017,20,2,,,,,5,20,30,35,10,,,,,,,,,,
2017,22,1.8,,,,,10,15,50,15,10,,,,,,,,,,
2017,23,2.5,,,,3,6,10,15,20,25,15,6,,,,,,,,
2017,24,2,,,,2.5,7.5,12.5,20,20,15,10,7.5,5,,,,,,,
2017,26,1.9,,,,2.5,5,20,22.5,22.5,20,5,2.5,,,,,,,,
2017,29,2.8,,,,,,,,,60,40,,,,,,,,,
2017,30,1.9,,,,,,,,,,,,,,,,,,,
2017,31,2,,,,,,15,25,40,20,,,,,,,,,,
2017,32,,,,,,,,,,,,,,,,,,,,
2017,33,2,,,,,10,10,30,30,10,10,,,,,,,,,
2017,37,2.5,,,,,,1,9,44,34,12,,,,,,,,,
2017,38,,,,,,,,,,,,,,,,,,,,
2017,39,1.9,,,,,5,20,55,15,5,,,,,,,,,,
2017,41,,,,,,,,,,,,,,,,,,,,
2017,42,1.8,,,,,,15,45,35,5,,,,,,,,,,
2017,47,2,0,2,3,5,10,15,17,18,17,10,3,0,,,,,,,
2017,48,1.8,,,,,,,,,,,,,,,,,,,
2017,52,2.4,0,0,0,0,0,1,5,45,46,3,0,0,,,,,,,
2017,56,2,0,0,0,5,5,15,25,35,10,5,0,0,,,,,,,
2017,57,2,,,,,,,,,,,,,,,,,,,
2017,58,.9,,,,,,,,,,,,,,,,,,,
2017,67,,,,,,,,,,,,,,,,,,,,
2017,68,1.8,,,,0,15,20,25,20,10,10,,,,,,,,,
2017,70,1.8,,,,,,,65,35,,,,,,,,,,,
2017,82,,,,,,,,,,,,,,,,,,,,
2017,84,1.9,1,1,1,2,7,17,24,23,18,3,2,1,,,,,,,
2017,85,,,,,,,,,,,,,,,,,,,,
2017,88,1.9,,,2.5,7.5,12.5,17.5,20,17.5,12.5,7.5,2.5,,,,,,,,
2017,89,1.9,0,0,2.5,7.5,10,10,20,20,10,10,7.5,2.5,,,,,,,
2017,92,1.9,.0070189474,.0743277779,.5492047888,2.6718079514,8.5651126071,15.8646161422,24.884950228,25.8410638702,13.1406440786,6.3089258157,1.7366792159,.3556485768,,,,,,,
2017,93,2,,,,,,10,25,55,10,,,,,,,,,,
2017,94,1.8,,,2,4,12,16,27.5,20,8,7.5,3,,,,,,,,
2017,95,1.7266666667,0,0,0,3.6666666667,6,21.3333333333,37.3333333333,18.3333333333,8.6666666667,4.6666666667,0,0,,,,,,,
2017,96,,,,,,,,,,,,,,,,,,,,
2017,98,2.2,,,,,,10,30,35,15,10,,,,,,,,,
2017,99,2.2,,,,,,,25,50,25,,,,,,,,,,
2017,101,2,,,,,,,,,,,,,,,,,,,
2017,103,2,,,,2.5,5,15,25,30,15,5,2.5,,,,,,,,
2017,104,2,0,0,0,5,5,10,25,30,15,5,5,0,,,,,,,
2017,105,2,,,,,5,20,25,35,10,5,,,,,,,,,
2017,107,1.9,.0070189474,.0743277779,.5492047888,2.6718079514,8.5651126071,15.8646161422,24.884950228,25.8410638702,13.1406440786,6.3089258157,1.7366792159,.3556485768,,,,,,,
2017,108,1.830115,,,.96,5.61,10.61,15.61,20.52,19.19,14.14,9.09,4.27,,,,,,,,
2017,110,2,.3010996626,.5636620871,1.8617094019,4.421710756,8.5466379752,13.4446006707,17.2132505345,17.9369419171,15.2126827199,10.5009758899,5.8993996585,4.0973287266,,,,,,,
2017,111,,,,,,,,,,,,,,,,,,,,
2017,112,2.5,,,,,,5,20,35,30,10,,,,,,,,,
,,,,,,,,,,,,,,,,,,,,,
GROWTH EXPECTATIONS; YEAR-ON-YEAR CHANGE IN REAL GDP,,,,,,,,,,,,,,,,,,,,,
TARGET_PERIOD,FCT_SOURCE,POINT,TN1_0,FN1_0TN0_6,FN0_5TN0_1,F0_0T0_4,F0_5T0_9,F1_0T1_4,F1_5T1_9,F2_0T2_4,F2_5T2_9,F3_0T3_4,F3_5T3_9,F4_0,,,,,,,
2012,1,-.6,,55,45,,,,,,,,,,,,,,,,
2012,2,-.3,,30,40,30,,,,,,,,,,,,,,,
2012,3,-.7,7.5,45,42.5,5,,,,,,,,,,,,,,,
2012,4,-.4,,20,60,20,,,,,,,,,,,,,,,
2012,5,-.3,,,90,10,,,,,,,,,,,,,,,
2012,6,-.3,,35,60,5,,,,,,,,,,,,,,,
2012,7,-.5,,,,,,,,,,,,,,,,,,,
2012,8,-.5,,30,60,10,,,,,,,,,,,,,,,
2012,14,-.2,,,,,,,,,,,,,,,,,,,
2012,15,-.4,,10,90,,,,,,,,,,,,,,,,
2012,16,-.4,10,35,40,11,3,1,0,0,0,0,0,0,,,,,,,
2012,20,-.4,,30,70,,,,,,,,,,,,,,,,
2012,22,-.5,,35,65,0,,,,,,,,,,,,,,,
2012,23,-.4,5,30,45,20,,,,,,,,,,,,,,,
2012,24,-.5,,30,70,,,,,,,,,,,,,,,,
2012,26,-.3,15,20,40,20,5,,,,,,,,,,,,,,
2012,29,-.4,,10,60,30,,,,,,,,,,,,,,,
2012,30,-.5,,,,,,,,,,,,,,,,,,,
2012,31,-.5,,30,60,10,,,,,,,,,,,,,,,
2012,32,-.4,6,38,51,5,,,,,,,,,,,,,,,
2012,33,-.8,10,80,10,,,,,,,,,,,,,,,,
2012,37,-.5,1,41,56,2,,,,,,,,,,,,,,,
2012,38,-.5,,10,80,10,,,,,,,,,,,,,,,
2012,39,-.4,,35,55,10,,,,,,,,,,,,,,,
2012,41,-.5,,10,90,,,,,,,,,,,,,,,,
2012,42,-.5,,20,75,5,,,,,,,,,,,,,,,
2012,47,-.5,17,25,20,17,10,8,3,0,0,0,0,0,,,,,,,
2012,48,-.5,,40,55,5,,,,,,,,,,,,,,,
2012,52,-.4,3,27,57,11,2,0,0,0,0,0,0,0,,,,,,,
2012,56,-.4,0,15,75,10,0,0,0,0,0,0,0,0,,,,,,,
2012,57,-.5,,,,,,,,,,,,,,,,,,,
2012,58,-.6,,,,,,,,,,,,,,,,,,,
2012,67,-.6,30,40,30,,,,,,,,,,,,,,,,
2012,68,-.5,10,40,40,10,,,,,,,,,,,,,,,
2012,70,-.4,,10,90,,,,,,,,,,,,,,,,
2012,82,-.6,,,,,,,,,,,,,,,,,,,
2012,84,-.5,5,45,50,0,0,0,0,0,0,0,0,0,,,,,,,
2012,85,-.4927411784,.1197528097,29.4680122975,67.9340244469,2.4778076753,.0004027704,.0000000002,0,0,0,0,0,0,,,,,,,
2012,88,-.5,15,20,30,20,10,5,,,,,,,,,,,,,
2012,89,-.5,10,40,40,10,0,0,0,0,0,0,0,0,,,,,,,
2012,92,-.3682114081,5.3864999605,31.4750438262,45.7117182578,16.0728428677,1.3291361318,.0245752494,.000183527,.0000001796,0,0,0,0,,,,,,,
2012,93,-.5,,45,55,,,,,,,,,,,,,,,,
2012,94,-.5,15,25,50,8,2,,,,,,,,,,,,,,
2012,95,-.35975,25.25,29,33,6.25,3.25,3.25,0,0,0,0,0,0,,,,,,,
2012,96,-.48,,20,75,5,,,,,,,,,,,,,,,
2012,98,-.5,5,40,50,5,,,,,,,,,,,,,,,
2012,99,-.5,,35,45,20,,,,,,,,,,,,,,,
2012,101,-.4,,20,80,,,,,,,,,,,,,,,,
2012,103,-.3,,30,50,20,,,,,,,,,,,,,,,
2012,104,-.5,0,30,60,10,0,0,0,0,0,0,0,0,,,,,,,
2012,105,-.3,,20,70,10,,,,,,,,,,,,,,,
2012,107,-.2154696249,.0001555978,3.0786980106,79.1632517985,17.7478777309,.0100168585,.0000000037,0,0,0,0,0,0,,,,,,,
2012,108,-.5601565,18.56,27.76,35.81,16.62,1.25,,,,,,,,,,,,,,
2012,110,-.4,7.6542313179,24.0409347972,44.5546093192,20.9109640571,2.7410399477,.0973116248,.0009067702,.0000021646,.0000000013,0,0,0,,,,,,,
2012,111,-.4,,,100,,,,,,,,,,,,,,,,
2012,112,-.25,,5,60,30,5,,,,,,,,,,,,,,
2013,1,.5,,,,30,50,20,,,,,,,,,,,,,
2013,2,1,2,7,10,14,19,22,14,6,4,2,,,,,,,,,
2013,3,.3,5,10,15,30,15,12.5,7.5,2.5,2.5,,,,,,,,,,
2013,4,.6,,,5,20,50,20,5,,,,,,,,,,,,
2013,5,.5,,,10,30,50,10,,,,,,,,,,,,,
2013,6,.6,,,10,30,50,10,,,,,,,,,,,,,
2013,7,.1,,,,,,,,,,,,,,,,,,,
2013,8,.3,6,10,19,27,22,11,5,,,,,,,,,,,,
2013,14,1.3,,,,,,,,,,,,,,,,,,,
2013,15,.5,,5,20,25,20,15,10,5,,,,,,,,,,,
2013,16,.5,9,5,13,20,23,19,7,3,1,0,0,0,,,,,,,
2013,20,.5,,,10,30,35,20,5,,,,,,,,,,,,
2013,22,.1,,15,30,40,15,,,,,,,,,,,,,,
2013,23,0,5,12,20,23,16,10,8,5,1,,,,,,,,,,
2013,24,0,7.5,17.5,25,22.5,15,10,2.5,,,,,,,,,,,,
2013,26,.8,,5,10,20,30,20,10,5,,,,,,,,,,,
2013,29,0,,,30,50,20,,,,,,,,,,,,,,
2013,30,.1,,,,,,,,,,,,,,,,,,,
2013,31,.3,,,10,50,30,10,,,,,,,,,,,,,
2013,32,.3,,5,20,38,26,9,2,,,,,,,,,,,,
2013,33,0,,,50,50,,,,,,,,,,,,,,,
2013,37,.3,,2,13,46,30,8,1,,,,,,,,,,,,
2013,38,0,,,20,60,20,,,,,,,,,,,,,,
2013,39,.3,,,20,45,25,10,,,,,,,,,,,,,
2013,41,.4,,,20,70,10,,,,,,,,,,,,,,
2013,42,.2,,10,30,50,10,,,,,,,,,,,,,,
2013,47,-.4,15,20,22,20,12,8,3,0,0,0,0,0,,,,,,,
2013,48,-.1,,10,60,25,5,,,,,,,,,,,,,,
2013,52,0,3,12,31,33,16,4,1,0,0,0,0,0,,,,,,,
2013,56,.3,0,5,10,60,15,5,5,0,0,0,0,0,,,,,,,
2013,57,.1,,,,,,,,,,,,,,,,,,,
2013,58,.1,,,,,,,,,,,,,,,,,,,
2013,67,.4,5,5,10,30,20,15,10,5,,,,,,,,,,,
2013,68,.5,10,10,15,15,25,10,10,5,,,,,,,,,,,
2013,70,.2,,,25,75,,,,,,,,,,,,,,,
2013,82,-.1,,,,,,,,,,,,,,,,,,,
2013,84,-.3,8,15,25,18,15,12,6,1,0,0,0,0,,,,,,,
2013,85,.267067096,6.4385849408,10.3285586171,17.4019610902,21.7020461008,20.0341246342,13.6898546006,6.9238301355,2.591456265,.7176215297,.1469882206,.0222622036,.0027116619,,,,,,,
2013,88,.2,7.5,10,20,25,20,10,5,2.5,,,,,,,,,,,
2013,89,.3,5,10,20,30,20,10,5,0,0,0,0,0,,,,,,,
2013,92,.0649854824,15.53917508,13.999549551,17.9954422531,18.5227382384,15.266632946,9.3039712963,5.7320411709,2.6165642724,.7220277787,.238123875,.052846345,.0108871932,,,,,,,
2013,93,.5,,,7.5,27.5,55,10,,,,,,,,,,,,,
2013,94,-.3,16,21,36,11,8,6,2,,,,,,,,,,,,
2013,95,.36025,.25,12,23.75,34.25,19.75,9.25,.75,0,0,0,0,0,,,,,,,
2013,96,.35,,10,30,45,15,,,,,,,,,,,,,,
2013,98,.5,,5,10,30,25,20,10,,,,,,,,,,,,
2013,99,.2,,15,30,35,20,,,,,,,,,,,,,,
2013,101,.2,,10,20,60,10,,,,,,,,,,,,,,
2013,103,.8,,5,20,25,30,15,5,,,,,,,,,,,,
2013,104,.3,0,5,25,35,20,10,5,0,0,0,0,0,,,,,,,
2013,105,.7,,,5,25,50,20,,,,,,,,,,,,,
2013,107,.8071283988,.1665660536,1.4307396358,7.1770516044,19.8470518098,30.3116597496,25.5884665313,11.9358953751,3.0719918199,.4352511077,.033851601,.0014408254,.0000338864,,,,,,,
2013,108,.5392735,7.86,7.46,12.79,16.65,18.49,14.92,11.06,7.19,3.33,.25,,,,,,,,,
2013,110,.3,11.3876890784,8.7971412841,15.3422881286,18.1690416418,17.4169337833,13.514738879,8.4884977962,4.3154376472,1.7756864547,.5913236401,.1593550778,.0418665888,,,,,,,
2013,111,,,,,,,,,,,,,,,,,,,,
2013,112,.2,,5,20,35,30,10,,,,,,,,,,,,,
2013Q2,1,,,,,,,,,,,,,,,,,,,,
2013Q2,2,1.1,2,7,10,14,19,22,14,6,4,2,,,,,,,,,
2013Q2,3,-.5,7.5,12.5,35,15,10,7.5,5,5,2.5,,,,,,,,,,
2013Q2,4,.1,,5,20,50,20,5,,,,,,,,,,,,,
2013Q2,5,.8,,,10,20,35,25,10,,,,,,,,,,,,
2013Q2,6,.4,,,15,50,35,,,,,,,,,,,,,,
2013Q2,7,-.2,,,,,,,,,,,,,,,,,,,
2013Q2,8,-.1,10,20,32,24,10,4,,,,,,,,,,,,,
2013Q2,14,,,,,,,,,,,,,,,,,,,,
2013Q2,15,.2,,10,20,45,20,5,,,,,,,,,,,,,
2013Q2,16,0,9,6,20,22,16,9,9,4,1,3,1,0,,,,,,,
2013Q2,20,.7,,,10,30,35,20,5,,,,,,,,,,,,
2013Q2,22,-.1,10,25,40,25,,,,,,,,,,,,,,,
2013Q2,23,.1,5,12,20,23,16,10,8,5,1,,,,,,,,,,
2013Q2,24,.3,5,10,15,30,20,15,5,,,,,,,,,,,,
2013Q2,26,.7,,5,10,20,30,20,10,5,,,,,,,,,,,
2013Q2,29,0,,,30,50,20,,,,,,,,,,,,,,
2013Q2,30,.2,,,,,,,,,,,,,,,,,,,
2013Q2,31,.5,,,10,30,40,15,5,,,,,,,,,,,,
2013Q2,32,,,,,,,,,,,,,,,,,,,,
2013Q2,33,-.2,,20,60,20,,,,,,,,,,,,,,,
2013Q2,37,.1,,8,42,46,4,,,,,,,,,,,,,,
2013Q2,38,-.3,,20,60,20,,,,,,,,,,,,,,,
2013Q2,39,-.5,,35,50,15,,,,,,,,,,,,,,,
2013Q2,41,,,,,,,,,,,,,,,,,,,,
2013Q2,42,-.2,,25,50,25,,,,,,,,,,,,,,,
2013Q2,47,-.04,,,,,,,,,,,,,,,,,,,
2013Q2,48,-.2,,10,60,25,5,,,,,,,,,,,,,,
2013Q2,52,.2,3,12,16,33,31,4,1,0,0,0,0,0,,,,,,,
2013Q2,56,.6,0,5,10,25,50,5,5,0,0,0,0,0,,,,,,,
2013Q2,57,0,,,,,,,,,,,,,,,,,,,
2013Q2,58,,,,,,,,,,,,,,,,,,,,
2013Q2,67,,,,,,,,,,,,,,,,,,,,
2013Q2,68,,,,,,,,,,,,,,,,,,,,
2013Q2,70,,,,,,,,,,,,,,,,,,,,
2013Q2,82,-.5,,,,,,,,,,,,,,,,,,,
2013Q2,84,,,,,,,,,,,,,,,,,,,,
2013Q2,85,-.0017056801,3.358831054,12.5755795533,27.5590795278,31.3479826703,18.5145478907,5.6698761214,.8977549406,.0732189475,.0030631141,.0000654643,.0000007121,.0000000039,,,,,,,
2013Q2,88,-.2,17.5,20,25,20,11,4.5,2,,,,,,,,,,,,
2013Q2,89,0,5,20,25,25,20,5,0,0,0,0,0,0,,,,,,,
2013Q2,92,-.0539595247,27.7167989296,11.304064741,12.3243023341,12.1961414468,10.9550642125,8.1421015112,6.8416798111,4.997915319,2.4992786449,1.5963494906,.8096613817,.6166421775,,,,,,,
2013Q2,93,,,,,,,,,,,,,,,,,,,,
2013Q2,94,-.4,15,24,42,12,4,2,1,,,,,,,,,,,,
2013Q2,95,-.09925,13.25,25,32,15.25,9.75,4.75,0,0,0,0,0,0,,,,,,,
2013Q2,96,1.2,,,5,10,20,45,20,,,,,,,,,,,,
2013Q2,98,.2,5,15,25,30,15,10,,,,,,,,,,,,,
2013Q2,99,,,,,,,,,,,,,,,,,,,,
2013Q2,101,,,,,,,,,,,,,,,,,,,,
2013Q2,103,.8,,5,20,25,30,15,5,,,,,,,,,,,,
2013Q2,104,0,0,5,25,35,20,10,5,0,0,0,0,0,,,,,,,
2013Q2,105,.2,5,10,20,40,15,10,,,,,,,,,,,,,
2013Q2,107,.6795137932,.9985059932,3.905810284,11.413077016,21.5566463332,26.3299018087,20.8004434349,10.6261002597,3.5086485008,.7482383785,.1029564797,.0091306353,.000540876,,,,,,,
2013Q2,108,.277737,12.92,9.02,14.61,18.1,16.5,12.78,9.07,5.36,1.64,,,,,,,,,,
2013Q2,110,-.4,28.528165181,13.9735746253,18.6628365485,16.3618398408,11.5196408585,6.5130455267,2.9569594235,1.0779349437,.3154919944,.0741291495,.0139812283,.0024006798,,,,,,,
2013Q2,111,,,,,,,,,,,,,,,,,,,,
2013Q2,112,.2,,5,15,40,30,10,,,,,,,,,,,,,
2014,1,1.6,,,,,10,30,40,20,,,,,,,,,,,
2014,2,2,,,2,7,10,14,19,22,14,6,4,2,,,,,,,
2014,3,,,,,,,,,,,,,,,,,,,,
2014,4,1.7,,,,5,10,20,30,20,10,5,,,,,,,,,
2014,5,1.2,,,5,10,30,40,10,5,,,,,,,,,,,
2014,6,1.3,,,,5,25,40,25,5,,,,,,,,,,,
2014,7,1.2,,,,,,,,,,,,,,,,,,,
2014,8,1.3,3,5,8,10,19,25,17,10,3,,,,,,,,,,
2014,14,2,,,,,,,,,,,,,,,,,,,
2014,15,1.5,,,5,5,10,20,35,15,10,,,,,,,,,,
2014,16,1.4,6,3,5,9,16,21,18,10,6,4,2,0,,,,,,,
2014,20,1.3,,,10,20,25,30,15,,,,,,,,,,,,
2014,22,1,,,10,10,25,35,20,,,,,,,,,,,,
2014,23,1.8,4,6,7,9,12,15,17,15,10,5,,,,,,,,,
2014,24,1,,5,10,15,20,20,15,10,5,,,,,,,,,,
2014,26,.7,,5,10,20,30,20,10,5,,,,,,,,,,,
2014,29,.2,,,20,50,30,,,,,,,,,,,,,,
2014,30,,,,,,,,,,,,,,,,,,,,
2014,31,1.4,,,,10,20,35,30,5,,,,,,,,,,,
2014,32,,,,,,,,,,,,,,,,,,,,
2014,33,1,,,,20,30,30,20,,,,,,,,,,,,
2014,37,1.2,,,1,6,29,33,28,3,,,,,,,,,,,
2014,38,1.2,,,,,20,60,20,,,,,,,,,,,,
2014,39,1.4,,,,5,25,45,20,5,,,,,,,,,,,
2014,41,1.2,,,,10,30,60,,,,,,,,,,,,,
2014,42,1.5,,,,10,15,30,40,5,,,,,,,,,,,
2014,47,.5,5,8,15,15,19,17,13,6,2,0,0,0,,,,,,,
2014,48,,,,,,,,,,,,,,,,,,,,
2014,52,1.2,0,0,1,3,19,48,23,4,1,1,0,0,,,,,,,
2014,56,1,0,0,5,15,25,35,10,5,5,0,0,0,,,,,,,
2014,57,.7,,,,,,,,,,,,,,,,,,,
2014,58,1.1,,,,,,,,,,,,,,,,,,,
2014,67,1.4,,,5,5,10,30,20,15,10,5,,,,,,,,,
2014,68,1.8,0,0,0,5,15,20,25,20,10,5,,,,,,,,,
2014,70,.9,,,,15,55,30,,,,,,,,,,,,,
2014,82,,,,,,,,,,,,,,,,,,,,
2014,84,.8,1,2,10,14,22,20,14,10,5,1,1,0,,,,,,,
2014,85,1.321208539,2.1812623516,3.2875048025,6.3451490001,10.3201346355,14.145099708,16.3384056687,15.903732549,13.0458887382,9.0184057329,5.2536419859,2.5790266263,1.5817482013,,,,,,,
2014,88,1.5,,,3,6,11,22,25,18,9,4,2,,,,,,,,
2014,89,1.5,0,2.5,2.5,10,15,20,20,15,10,2.5,2.5,0,,,,,,,
2014,92,,,,,,,,,,,,,,,,,,,,
2014,93,1,,,,12.5,20,55,12.5,,,,,,,,,,,,
2014,94,1.4,.5,1,2,10,12,25,22.5,15,8,4,,,,,,,,,
2014,95,1.53375,0,0,.75,11.25,20,29.25,19.75,8.75,6.75,3.5,0,0,,,,,,,
2014,96,1.5,,,5,10,15,30,35,5,,,,,,,,,,,
2014,98,1.5,,,,5,15,25,30,15,10,,,,,,,,,,
2014,99,,,,,,,,,,,,,,,,,,,,
2014,101,,,,,,,,,,,,,,,,,,,,
2014,103,,,,,,,,,,,,,,,,,,,,
2014,104,1.4,0,0,0,5,20,35,30,10,0,0,0,0,,,,,,,
2014,105,1.2,,,,10,20,50,15,5,,,,,,,,,,,
2014,107,2.1549200182,.0005463464,.0097415513,.1137360817,.8412347249,3.9466301264,11.7570646439,22.258799873,26.7956142325,20.5141434683,9.9855576986,3.0886223543,.6883088987,,,,,,,
2014,108,1.507415,.22,1.87,5.02,8.02,11.01,14,16.54,14.66,11.64,8.63,5.6,2.79,,,,,,,
2014,110,1.4,1.9623269065,2.3275600159,5.58879185,9.6384319598,13.8609149648,16.621974303,16.621974303,13.8609149648,9.6384319598,5.58879185,2.7021814564,1.587705466,,,,,,,
2014,111,,,,,,,,,,,,,,,,,,,,
2014,112,.8,,,10,20,30,30,10,,,,,,,,,,,,
2014Q2,1,,,,,,,,,,,,,,,,,,,,
2014Q2,2,1.8,,,2,7,10,14,19,22,14,6,4,2,,,,,,,
2014Q2,3,,,,,,,,,,,,,,,,,,,,
2014Q2,4,1.8,,,,5,10,20,30,20,10,5,,,,,,,,,
2014Q2,5,1,,,,20,30,30,20,,,,,,,,,,,,
2014Q2,6,1.2,,,,,25,50,25,,,,,,,,,,,,
2014Q2,7,1.3,,,,,,,,,,,,,,,,,,,
2014Q2,8,1.3,3,5,8,11,17,24,19,10,3,,,,,,,,,,
2014Q2,14,,,,,,,,,,,,,,,,,,,,
2014Q2,15,1.25,,,5,5,15,45,15,10,5,,,,,,,,,,
2014Q2,16,1.5,7,2,4,9,12,17,19,15,8,4,3,0,,,,,,,
2014Q2,20,1.4,,,10,20,25,30,15,,,,,,,,,,,,
2014Q2,22,.9,,,10,25,35,30,,,,,,,,,,,,,
2014Q2,23,1,5,8,9,11,15,18,15,11,6,2,,,,,,,,,
2014Q2,24,1,,5,10,15,20,20,15,10,5,,,,,,,,,,
2014Q2,26,.8,,5,10,20,30,20,10,5,,,,,,,,,,,
2014Q2,29,.2,,,20,50,30,,,,,,,,,,,,,,
2014Q2,30,,,,,,,,,,,,,,,,,,,,
2014Q2,31,1.5,,,,10,15,25,35,10,5,,,,,,,,,,
2014Q2,32,,,,,,,,,,,,,,,,,,,,
2014Q2,33,.7,,10,10,15,30,15,10,10,,,,,,,,,,,
2014Q2,37,1.1,,,,10,26,33,23,8,,,,,,,,,,,
2014Q2,38,1.2,,,,,20,60,20,,,,,,,,,,,,
2014Q2,39,0,,,20,45,25,10,,,,,,,,,,,,,
2014Q2,41,,,,,,,,,,,,,,,,,,,,
2014Q2,42,1,,,,20,30,40,10,,,,,,,,,,,,
2014Q2,47,.16,,,,,,,,,,,,,,,,,,,
2014Q2,48,,,,,,,,,,,,,,,,,,,,
2014Q2,52,1.2,0,0,1,3,19,48,23,4,1,1,0,0,,,,,,,
2014Q2,56,1.2,0,0,5,15,25,35,10,5,5,0,0,0,,,,,,,
2014Q2,57,1,,,,,,,,,,,,,,,,,,,
2014Q2,58,,,,,,,,,,,,,,,,,,,,
2014Q2,67,,,,,,,,,,,,,,,,,,,,
2014Q2,68,,,,,,,,,,,,,,,,,,,,
2014Q2,70,,,,,,,,,,,,,,,,,,,,
2014Q2,82,,,,,,,,,,,,,,,,,,,,
2014Q2,84,,,,,,,,,,,,,,,,,,,,
2014Q2,85,1.2516564684,.934501357,2.2692570816,5.6205034092,10.8959775704,16.5345561308,19.6416213457,18.2654438875,13.2968004662,7.5772289238,3.3797860725,1.1798873392,.4044364161,,,,,,,
2014Q2,88,1.5,,,3,6,11,22,25,18,9,4,2,,,,,,,,
2014Q2,89,1.5,0,2.5,5,7.5,15,20,20,15,7.5,5,2.5,0,,,,,,,
2014Q2,92,,,,,,,,,,,,,,,,,,,,
2014Q2,93,,,,,,,,,,,,,,,,,,,,
2014Q2,94,1.3,.5,1,2,8,14,30,28,10,4,2.5,,,,,,,,,
2014Q2,95,1.5525,0,0,0,9.5,17,28.75,29.5,8.75,6.5,0,0,0,,,,,,,
2014Q2,96,1.5,,,,,,,,,,,,,,,,,,,
2014Q2,98,1.5,,,,10,15,25,30,15,5,,,,,,,,,,
2014Q2,99,,,,,,,,,,,,,,,,,,,,
2014Q2,101,,,,,,,,,,,,,,,,,,,,
2014Q2,103,,,,,,,,,,,,,,,,,,,,
2014Q2,104,1.6,0,0,0,0,5,20,35,30,10,0,0,0,,,,,,,
2014Q2,105,1,,,5,10,25,35,15,10,,,,,,,,,,,
2014Q2,107,2.0817059964,.014426621,.1013097313,.5640987763,2.2652523585,6.5629008359,13.7221962377,20.7107085964,22.5665157117,17.7518585147,10.0809335036,4.1320069645,1.5277921484,,,,,,,
2014Q2,108,1.52073,.71,2.65,6.07,9.14,12.2,15.27,16.57,13.66,10.57,7.48,4.39,1.29,,,,,,,
2014Q2,110,1,5.5750030651,4.5725381247,8.9225108584,12.5821746534,15.1765634866,15.6582405605,13.8186211435,10.431263229,6.7352783188,3.7197561644,1.7571361921,1.0509142035,,,,,,,
2014Q2,111,,,,,,,,,,,,,,,,,,,,
2014Q2,112,1.5,,,,,5,20,30,30,10,5,,,,,,,,,
2017,1,1.6,,,,,10,35,45,10,,,,,,,,,,,
2017,2,1.6,,2,4,6,10,17,22,16,10,7,5,1,,,,,,,
2017,3,2.1,2.5,2.5,2.5,5,7.5,12.5,15,20,15,10,5,2.5,,,,,,,
2017,4,1.7,,,,5,10,20,30,20,10,5,,,,,,,,,
2017,5,1.5,,,,,20,30,30,20,,,,,,,,,,,
2017,6,1.7,,,,,,30,50,20,,,,,,,,,,,
2017,7,1.7,,,,,,,,,,,,,,,,,,,
2017,8,1.5,1,3,5,8,12,18,20,14,10,5,3,1,,,,,,,
2017,14,,,,,,,,,,,,,,,,,,,,
2017,15,1.6,,,,5,15,20,25,20,10,5,,,,,,,,,
2017,16,1.7,0,3,5,7,8,16,17,15,10,10,6,3,,,,,,,
2017,20,2,,,,5,10,15,25,30,15,,,,,,,,,,
2017,22,1.7,,,,,10,25,40,20,5,,,,,,,,,,
2017,23,1.5,,1,3,8,15,20,22,15,10,5,1,,,,,,,,
2017,24,1.7,,,3,5,15,18,18,18,15,5,3,,,,,,,,
2017,26,2,,,,5,10,15,20,20,15,10,5,,,,,,,,
2017,29,1.5,,,,,10,20,60,10,,,,,,,,,,,
2017,30,,,,,,,,,,,,,,,,,,,,
2017,31,1,,,,10,20,40,20,10,,,,,,,,,,,
2017,32,,,,,,,,,,,,,,,,,,,,
2017,33,2,,,,10,10,10,20,20,10,10,10,,,,,,,,
2017,37,1.8,,,,3,17,32,35,12,1,,,,,,,,,,
2017,38,,,,,,,,,,,,,,,,,,,,
2017,39,1.7,,,,,5,25,40,25,5,,,,,,,,,,
2017,41,,,,,,,,,,,,,,,,,,,,
2017,42,1.6,,,,,5,30,50,15,,,,,,,,,,,
2017,47,1.1,,,,,,,,,,,,,,,,,,,
2017,48,,,,,,,,,,,,,,,,,,,,
2017,52,1.8,0,0,1,2,5,21,40,23,7,1,0,0,,,,,,,
2017,56,1.75,0,0,5,5,15,25,35,10,5,0,0,0,,,,,,,
2017,57,1.5,,,,,,,,,,,,,,,,,,,
2017,58,2,,,,,,,,,,,,,,,,,,,
2017,67,,,,,,,,,,,,,,,,,,,,
2017,68,2.3,0,0,0,0,0,15,20,30,25,10,,,,,,,,,
2017,70,1.6,,,,,,45,55,,,,,,,,,,,,
2017,82,,,,,,,,,,,,,,,,,,,,
2017,84,1.9,1,1,1,2,7,17,24,23,18,3,2,1,,,,,,,
2017,85,,,,,,,,,,,,,,,,,,,,
2017,88,1.9,,,2.5,7.5,12.5,16.25,22.5,16.25,12.5,7.5,2.5,,,,,,,,
2017,89,2,0,2.5,2.5,5,5,15,20,20,15,7.5,5,2.5,,,,,,,
2017,92,,,,,,,,,,,,,,,,,,,,
2017,93,2,,,,,,5,40,50,5,,,,,,,,,,
2017,94,2.5,,,,1,3,6,12,26,28,14,8,2,,,,,,,
2017,95,2.04875,.25,0,0,8.25,10.25,15.25,13.75,31.75,11.75,3.5,3,2.25,,,,,,,
2017,96,1.5,,,,,,,,,,,,,,,,,,,
2017,98,1.6,,,,,10,20,35,25,10,,,,,,,,,,
2017,99,1.7,,,,,,20,60,20,,,,,,,,,,,
2017,101,,,,,,,,,,,,,,,,,,,,
2017,103,1.6,,,,5,10,25,30,15,10,5,,,,,,,,,
2017,104,1.7,0,0,0,0,10,20,30,25,10,5,0,0,,,,,,,
2017,105,2.2,,,,5,5,10,25,35,15,5,,,,,,,,,
2017,107,1.766469532,.0114633031,.1106934864,.7523942832,3.3776238145,10.0223368062,19.6695382244,25.5427685977,21.9514333059,12.4835101229,4.6960867318,1.1679085065,.2142428174,,,,,,,
2017,108,1.664475,.93,2.09,4.29,6.16,8.02,9.89,13.21,11.75,11.86,9.99,8.11,13.7,,,,,,,
2017,110,1.7,1.2096559716,1.5325105305,3.9036678657,7.2439912969,11.3211242192,14.9010250714,16.5182067182,15.4216830416,12.1261089064,8.0302193424,4.4785956257,3.3132114104,,,,,,,
2017,111,,,,,,,,,,,,,,,,,,,,
2017,112,2,,,,,5,20,30,30,10,5,,,,,,,,,
,,,,,,,,,,,,,,,,,,,,,
EXPECTED UNEMPLOYMENT RATE; PERCENTAGE OF LABOUR FORCE,,,,,,,,,,,,,,,,,,,,,
TARGET_PERIOD,FCT_SOURCE,POINT,T6_5,F6_5T6_9,F7_0T7_4,F7_5T7_9,F8_0T8_4,F8_5T8_9,F9_0T9_4,F9_5T9_9,F10_0T10_4,F10_5T10_9,F11_0T11_4,F11_5T11_9,F12_0T12_4,F12_5T12_9,F13_0T13_4,F13_5T13_9,F14_0T14_4,F14_5T14_9,F15_0
2012,1,10.2,,,,,,,,,60,40,,,,,,,,,
2012,2,11.3,,,,,,,,,,5,90,5,,,,,,,
2012,3,,,,,,,,,,,,,,,,,,,,
2012,4,,,,,,,,,,,,,,,,,,,,
2012,5,11.2,,,,,,,,,,,90,10,,,,,,,
2012,6,11.3,,,,,,,,,,,90,10,,,,,,,
2012,7,11.3,,,,,,,,,,,,,,,,,,,
2012,8,11.3,,,,,,,,,,,80,20,,,,,,,
2012,14,11.5,,,,,,,,,,,,,,,,,,,
2012,15,11.3,,,,,,,,,,,90,10,,,,,,,
2012,16,11.3,0,0,0,0,0,0,0,1,7,12,32,26,18,3,1,0,0,0,0
2012,20,11.3,,,,,,,,,,1,96,3,,,,,,,
2012,22,11.4,,,,,,,,,,10,45,35,10,,,,,,
2012,23,11.2,,,,,,,,,,,80,20,,,,,,,
2012,24,11.3,,,,,,,,,,2.5,85,12.5,,,,,,,
2012,26,11.2,,,,,,,,,,40,60,,,,,,,,
2012,29,11.3,,,,,,,,,,10,45,45,,,,,,,
2012,30,11.3,,,,,,,,,,,,,,,,,,,
2012,31,11.5,,,,,,,,,,20,50,30,,,,,,,
2012,32,11.3,,,,,,,,,5,12,45,32,6,,,,,,
2012,33,12,,,,,,,,,,,,50,50,,,,,,
2012,37,11.3,,,,,,,,,,,85,15,,,,,,,
2012,38,11.3,,,,,,,,,,10,80,10,,,,,,,
2012,39,11.3,,,,,,,,,,10,60,25,5,,,,,,
2012,41,11.1,,,,,,,,,,,90,10,,,,,,,
2012,42,11.2,,,,,,,,,,5,85,10,,,,,,,
2012,47,11.3,0,0,1,2,4,8,10,12,14,15,16,10,5,3,0,0,0,0,0
2012,48,11.3,,,,,,,,,,,,,,,,,,,
2012,52,11.3,0,0,0,0,0,1,1,2,5,17,44,23,6,1,0,0,0,0,0
2012,56,11.3,0,0,0,0,0,0,0,0,0,5,70,20,5,0,0,0,0,0,0
2012,57,11.4,,,,,,,,,,,,,,,,,,,
2012,58,11.2,,,,,,,,,,,,,,,,,,,
2012,67,11,,,,,,,,,10,20,30,25,15,,,,,,
2012,68,11.2,,,,,,,,,,,95,5,,,,,,,
2012,70,11.2,,,,,,,,,,,70,30,,,,,,,
2012,82,11.4,,,,,,,,,,,,,,,,,,,
2012,84,11.3,0,0,0,0,0,0,0,0,0,0,80,20,0,0,0,0,0,0,0
2012,85,11.3532600944,0,0,0,0,0,0,0,0,.0000938197,1.1715558073,58.0674376546,40.4477768885,.3131275224,.0000083075,0,0,0,0,0
2012,88,11.4,,,,,,,,5,10,17.5,35,17.5,10,5,,,,,
2012,89,11.3,0,0,0,0,0,0,0,0,5,20,50,20,5,0,0,0,0,0,0
2012,92,,,,,,,,,,,,,,,,,,,,
2012,93,11.5,,,,,,,,,,10,30,60,,,,,,,
2012,94,11.3,,,,,,,,,,5,80,15,,,,,,,
2012,95,11.3014705882,0,0,0,.7647058824,.8823529412,1.6470588235,2.6470588235,6.7647058824,11.6470588235,14.6470588235,21,20,14,4,2,0,0,0,0
2012,96,11.5,,,,,,,,,,,40,60,,,,,,,
2012,98,11.3,,,,,,,,,,5,60,35,,,,,,,
2012,99,11.8,,,,,,,,,,,20,50,30,,,,,,
2012,101,11.3,,,,,,,,,,5,60,30,5,,,,,,
2012,103,11.3,,,,,,,,,,,80,20,,,,,,,
2012,104,11.3,0,0,0,0,0,0,0,0,0,15,55,30,0,0,0,0,0,0,0
2012,105,11.2,,,,,,,,,,,95,5,,,,,,,
2012,107,11.3,0,0,0,0,0,0,0,0,0,.0018918515,96.5184916584,3.4796164901,0,0,0,0,0,0,0
2012,108,11.5067075,,,,,,,,,,1.88,30.04,46.77,20.51,.8,,,,,
2012,110,11.2,0,0,0,0,0,.0000000698,.000107091,.0308689059,1.7274495498,19.7207430249,48.5973726983,26.6578196969,3.1866512221,.0786076951,.0003796997,.0000003464,.0000000001,0,0
2012,111,,,,,,,,,,,,,,,,,,,,
2012,112,11.2,,,,,,,,5,10,25,35,20,5,,,,,,
2013,1,11,,,,,,,,,5,20,40,30,5,,,,,,
2013,2,11.2,,,,,,,,,10,20,40,20,10,,,,,,
2013,3,,,,,,,,,,,,,,,,,,,,
2013,4,,,,,,,,,,,,,,,,,,,,
2013,5,10.8,,,,,,,,,10,50,30,10,,,,,,,
2013,6,11.4,,,,,,,,,,10,60,30,,,,,,,
2013,7,11.8,,,,,,,,,,,,,,,,,,,
2013,8,11.6,,,,,,,,,1,4,27,37,24,5,2,,,,
2013,14,12.5,,,,,,,,,,,,,,,,,,,
2013,15,11.7,,,,,,,,,,10,15,45,30,,,,,,
2013,16,11.8,0,0,0,0,0,1,2,4,6,8,15,24,22,13,5,0,0,0,0
2013,20,11.8,,,,,,,,,,10,20,40,30,,,,,,
2013,22,12,,,,,,,,,,,10,30,40,20,,,,,
2013,23,11.8,,,,,,,,,,13,20,30,25,10,2,,,,
2013,24,11.8,,,,,,,,,5,10,20,25,20,15,5,,,,
2013,26,11.5,,,,,,,,,,10,40,40,10,,,,,,
2013,29,11.8,,,,,,,,,,,30,60,10,,,,,,
2013,30,12,,,,,,,,,,,,,,,,,,,
2013,31,11.2,,,,,,,,,10,20,40,25,5,,,,,,
2013,32,12,,,,,,,,,,3,15,25,29,20,6,2,,,
2013,33,12,,,,,,,,,,,10,40,40,10,,,,,
2013,37,11.6,,,,,,,,,,1,39,48,12,,,,,,
2013,38,11.6,,,,,,,,,,,20,60,20,,,,,,
2013,39,11.5,,,,,,,,,,10,35,45,10,,,,,,
2013,41,11.4,,,,,,,,,,,70,30,,,,,,,
2013,42,11.1,,,,,,,,,,20,70,10,,,,,,,
2013,47,12,0,0,0,0,0,2,4,6,8,10,12,14,15,13,9,5,2,0,0
2013,48,12,,,,,,,,,,,,,,,,,,,
2013,52,12.3,0,0,0,0,0,0,0,0,1,2,5,16,48,25,3,0,0,0,0
2013,56,11.7,0,0,0,0,0,0,0,0,0,5,20,60,10,5,0,0,0,0,0
2013,57,10,,,,,,,,,,,,,,,,,,,
2013,58,10.9,,,,,,,,,,,,,,,,,,,
2013,67,11.5,,,,,,,,,,10,20,30,25,15,,,,,
2013,68,11.4,,,,,,,,,,15,45,30,5,5,,,,,
2013,70,11.9,,,,,,,,,,,,65,35,,,,,,
2013,82,12.1,,,,,,,,,,,,,,,,,,,
2013,84,11.8,0,0,0,0,0,0,0,0,0,0,25,45,25,5,0,0,0,0,0
2013,85,11.7500029182,.0000001387,.000003406,.0000635871,.0008766961,.0089299005,.0672238905,.3741409349,1.54001458,4.6894249975,10.5663679976,17.6207510299,21.7504585302,19.8737515076,13.4415460236,6.7287719259,2.4926967754,.6832088707,.1385060169,.0232631909
2013,88,11.82,,,,,,,,2.5,5,12.5,17.5,25,17.5,12.5,5,2.5,,,
2013,89,12.2,0,0,0,0,0,0,0,0,0,5,10,20,30,20,10,5,0,0,0
2013,92,,,,,,,,,,,,,,,,,,,,
2013,93,11.3,,,,,,,,,,5,75,20,,,,,,,
2013,94,11.6,,,,,,,,2,8,12,18,30,15,10,5,,,,
2013,95,11.6614705882,0,0,0,.7647058824,.8823529412,1.6470588235,2.6470588235,4.7647058824,6.6470588235,8.6470588235,14,23,21,11,5,0,0,0,0
2013,96,11.8,,,,,,,,,,,15,50,35,,,,,,
2013,98,11.6,,,,,,,,,,15,20,40,15,10,,,,,
2013,99,12.8,,,,,,,,,,,,,10,60,30,,,,
2013,101,11.7,,,,,,,,,,10,10,70,10,,,,,,
2013,103,11.4,,,,,,,,,5,10,35,30,15,5,,,,,
2013,104,11.5,0,0,0,0,0,0,0,0,5,5,15,35,20,15,5,0,0,0,0
2013,105,11.5,,,,,,,,,,10,40,45,5,,,,,,
2013,107,11.6,0,0,0,0,0,0,.0000000576,.0001435768,.053109895,3.0503603377,29.2149410488,50.5290562645,16.2265780627,.9173861247,.0084128691,.0000117607,.0000000024,0,0
2013,108,11.8312775,,,,,,,,,1.97,9.65,17.69,25.58,23.31,14.92,6.55,.33,,,
2013,110,11.7,0,0,0,.0000000024,.0000005591,.0000625196,.0033768711,.0885023806,1.1311652602,7.0873557861,21.8712012753,33.3557780618,25.1759571761,9.3952807913,1.7282881475,.1560076997,.0068747964,.0001471426,.0000015302
2013,111,,,,,,,,,,,,,,,,,,,,
2013,112,11.5,,,,,,,,,5,10,35,35,10,5,,,,,
2013Aug,1,,,,,,,,,,,,,,,,,,,,
2013Aug,2,11.1,,,,,,,,,10,21,40,19,10,,,,,,
2013Aug,3,,,,,,,,,,,,,,,,,,,,
2013Aug,4,,,,,,,,,,,,,,,,,,,,
2013Aug,5,10.6,,,,,,,,10,25,40,25,,,,,,,,
2013Aug,6,11.2,,,,,,,,,,15,60,25,,,,,,,
2013Aug,7,12,,,,,,,,,,,,,,,,,,,
2013Aug,8,11.6,,,,,,,,,1,5,26,36,24,6,2,,,,
2013Aug,14,,,,,,,,,,,,,,,,,,,,
2013Aug,15,11.7,,,,,,,,,5,10,15,40,15,15,,,,,
2013Aug,16,11.6,0,0,0,0,0,1,2,4,6,8,17,24,20,13,5,0,0,0,0
2013Aug,20,11.8,,,,,,,,,,10,20,40,30,,,,,,
2013Aug,22,12.3,,,,,,,,,,,10,15,35,25,15,,,,
2013Aug,23,11.9,,,,,,,,,,,,,,,,,,,
2013Aug,24,11.7,,,,,,,,,5,12.5,20,25,20,12.5,5,,,,
2013Aug,26,11.7,,,,,,,,,,10,40,40,10,,,,,,
2013Aug,29,11.8,,,,,,,,,,,30,60,10,,,,,,
2013Aug,30,,,,,,,,,,,,,,,,,,,,
2013Aug,31,11,,,,,,,,10,20,30,30,10,,,,,,,
2013Aug,32,,,,,,,,,,,,,,,,,,,,
2013Aug,33,12,,,,,,,,,,,10,40,40,10,,,,,
2013Aug,37,11.5,,,,,,,,,,4,42,44,10,,,,,,
2013Aug,38,11.6,,,,,,,,,,,20,60,20,,,,,,
2013Aug,39,11.4,,,,,,,,,5,10,45,30,10,,,,,,
2013Aug,41,,,,,,,,,,,,,,,,,,,,
2013Aug,42,10.8,,,,,,,,,20,70,10,,,,,,,,
2013Aug,47,12,,,,,,,,,,,,,,,,,,,
2013Aug,48,12.1,,,,,,,,,,,,,,,,,,,
2013Aug,52,12.4,0,0,0,0,0,0,0,0,0,1,3,13,51,27,5,0,0,0,0
2013Aug,56,11.7,0,0,0,0,0,0,0,0,0,5,20,60,10,5,0,0,0,0,0
2013Aug,57,10.5,,,,,,,,,,,,,,,,,,,
2013Aug,58,,,,,,,,,,,,,,,,,,,,
2013Aug,67,,,,,,,,,,,,,,,,,,,,
2013Aug,68,,,,,,,,,,,,,,,,,,,,
2013Aug,70,,,,,,,,,,,,,,,,,,,,
2013Aug,82,,,,,,,,,,,,,,,,,,,,
2013Aug,84,,,,,,,,,,,,,,,,,,,,
2013Aug,85,11.7337840463,0,0,0,.0000000083,.0000013694,.0001148329,.0049034397,.1070212904,1.1988387077,6.9210303231,20.6681489152,32.0119566439,25.7457864268,10.7455754249,2.3223291629,.2590048347,.0148464819,.0004355734,.0000065648
2013Aug,88,11.8,,,,,,,,2.5,5,12.5,17.5,25,17.5,12.5,5,2.5,,,
2013Aug,89,12.3,0,0,0,0,0,0,0,0,0,5,10,20,30,20,10,5,0,0,0
2013Aug,92,,,,,,,,,,,,,,,,,,,,
2013Aug,93,,,,,,,,,,,,,,,,,,,,
2013Aug,94,11.3,,,,,,1,2,4,12,14,25,18,12.5,8,3.5,,,,
2013Aug,95,11.84,0,0,0,.1111111111,1.1111111111,2.1111111111,2.6666666667,3.1111111111,4.6666666667,6.6666666667,14.5555555556,23.9999999999,20,11,6,3,1,0,0
2013Aug,96,11.7,,,,,,,,,,5,20,45,25,5,,,,,
2013Aug,98,11.5,,,,,,,,,5,15,20,25,20,10,5,,,,
2013Aug,99,,,,,,,,,,,,,,,,,,,,
2013Aug,101,,,,,,,,,,,,,,,,,,,,
2013Aug,103,11.4,,,,,,,,,5,10,35,30,15,5,,,,,
2013Aug,104,11.4,0,0,0,0,0,0,0,5,5,15,35,20,15,5,0,0,0,0,0
2013Aug,105,11.1,,,,,,,,,10,25,50,15,,,,,,,
2013Aug,107,11.7,0,0,0,0,0,.0000000008,.0000018386,.0009780261,.119990323,3.4953604364,25.1279745549,46.2819617846,22.1767358662,2.7147140752,.0817001648,.0005819749,.0000009541,.0000000004,0
2013Aug,108,11.44695,,,,,,,,1.66,8.45,15.61,22.77,23.94,16.55,9.09,1.93,,,,
2013Aug,110,11.7,.0000000001,.0000000029,.0000002261,.0000108603,.0003310958,.0064146883,.0790785826,.6210935351,3.1116921034,9.9550666445,20.3549886128,26.6146680879,22.2581840603,11.9045602291,4.0698277143,.888647646,.1238009222,.0109911076,.0006438807
2013Aug,111,,,,,,,,,,,,,,,,,,,,
2013Aug,112,11.5,,,,,,,,,5,10,35,35,10,5,,,,,
2014,1,9.8,,,,,,,5,50,40,5,,,,,,,,,
2014,2,10.6,,,,,,,5,10,20,30,20,10,5,,,,,,
2014,3,,,,,,,,,,,,,,,,,,,,
2014,4,,,,,,,,,,,,,,,,,,,,
2014,5,9.5,,,,,,,20,40,30,10,,,,,,,,,
2014,6,11.2,,,,,,,,,,30,40,30,,,,,,,
2014,7,11.8,,,,,,,,,,,,,,,,,,,
2014,8,11.5,,,,,,,,1,3,8,23,28,20,12,4,1,,,
2014,14,,,,,,,,,,,,,,,,,,,,
2014,15,11.7,,,,,,,,,5,10,25,25,20,15,,,,,
2014,16,11.2,0,0,0,0,1,2,4,8,13,17,19,16,12,7,1,0,0,0,0
2014,20,11.4,,,,,,,,,,15,35,30,20,,,,,,
2014,22,12.5,,,,,,,,,,,10,15,25,35,15,,,,
2014,23,12,,,,,,,,,,10,15,24,26,20,5,,,,
2014,24,11.9,,,,,,,,2.5,5,10,12.5,20,25,15,7.5,2.5,,,
2014,26,11.2,,,,,,,,,5,20,50,20,5,,,,,,
2014,29,11.8,,,,,,,,,,,30,60,10,,,,,,
2014,30,,,,,,,,,,,,,,,,,,,,
2014,31,10.5,,,,,,,,10,30,40,15,5,,,,,,,
2014,32,,,,,,,,,,,,,,,,,,,,
2014,33,11,,,,,,,,10,10,30,30,10,10,,,,,,
2014,37,11.2,,,,,,,,,1,10,44,39,6,,,,,,
2014,38,11.5,,,,,,,,,,,20,60,20,,,,,,
2014,39,11,,,,,,,,,5,25,45,20,5,,,,,,
2014,41,11,,,,,,,,,,20,50,30,,,,,,,
2014,42,11,,,,,,,,,20,25,50,5,,,,,,,
2014,47,12.2,0,0,0,0,0,2,4,6,8,10,12,14,15,13,9,5,2,0,0
2014,48,,,,,,,,,,,,,,,,,,,,
2014,52,12.4,0,0,0,0,0,0,0,0,0,1,3,13,51,27,5,0,0,0,0
2014,56,11,0,0,0,0,0,0,0,5,5,10,50,20,5,5,0,0,0,0,0
2014,57,9,,,,,,,,,,,,,,,,,,,
2014,58,10.1,,,,,,,,,,,,,,,,,,,
2014,67,11.5,,,,,,,,,,10,20,30,25,15,,,,,
2014,68,,,,,,,,,,,,,,,,,,,,
2014,70,12.3,,,,,,,,,,,,20,55,25,,,,,
2014,82,,,,,,,,,,,,,,,,,,,,
2014,84,11.3,0,0,0,0,0,0,0,1,10,18,27,24,14,5,1,0,0,0,0
2014,85,11.2462746626,.0026889915,.0119336188,.0528549482,.1972353258,.620141749,1.6429483975,3.6677573711,6.8997822001,10.9380478003,14.6124301499,16.4508636375,15.6077684332,12.4789426087,8.4080526423,4.7740433858,2.2842319413,.9209660606,.3128820138,.1164287246
2014,88,11.6,,,,,,,,2.5,5,12.5,17.5,25,17.5,12.5,5,2.5,,,
2014,89,11.2,0,0,0,0,0,2.5,2.5,5,15,15,20,15,15,5,2.5,2.5,0,0,0
2014,92,,,,,,,,,,,,,,,,,,,,
2014,93,11,,,,,,,,,,45,45,10,,,,,,,
2014,94,10.9,,,,,,2.5,5,10,15,20,17.5,12,8,6,4,,,,
2014,95,11.6214705882,0,0,0,.7647058824,.8823529412,1.6470588235,2.6470588235,6.7647058824,6.6470588235,8.6470588235,16,21,19,9,5,2,0,0,0
2014,96,11.2,,,,,,,,,,,,,,,,,,,
2014,98,11,,,,,,,,5,15,20,30,15,10,5,,,,,
2014,99,,,,,,,,,,,,,,,,,,,,
2014,101,,,,,,,,,,,,,,,,,,,,
2014,103,,,,,,,,,,,,,,,,,,,,
2014,104,11.1,0,0,0,0,0,0,0,5,15,25,30,20,5,0,0,0,0,0,0
2014,105,11.1,,,,,,,,5,15,30,50,,,,,,,,
2014,107,11.8,0,0,0,.0000000044,.0000008241,.0000772253,.0036373838,.0864503263,1.0412752367,6.3840155709,20.0020018431,32.119701188,26.4705192292,11.1894322771,2.4205151515,.266991732,.0149526234,.0004293842,0
2014,108,11.3148675,,,,,,1.15,4.23,7.34,10.45,13.56,16.58,15.58,12.43,9.28,6.12,2.97,.31,,
2014,110,11.5,.0000000163,.0000003502,.0000123443,.0002878956,.0045618146,.0491493157,.3603414289,1.7990755032,6.120842717,14.198371479,22.464989048,24.2501013964,17.8598336138,8.9728605538,3.0741728168,.7178845372,.1141930218,.0123643999,.0009577475
2014,111,,,,,,,,,,,,,,,,,,,,
2014,112,11,,,,,,,,5,15,35,30,10,5,,,,,,
2014Aug,1,,,,,,,,,,,,,,,,,,,,
2014Aug,2,10.4,,,,,,,5,10,22,30,18,10,5,,,,,,
2014Aug,3,,,,,,,,,,,,,,,,,,,,
2014Aug,4,,,,,,,,,,,,,,,,,,,,
2014Aug,5,9.8,,,,,,,20,30,30,20,,,,,,,,,
2014Aug,6,11.1,,,,,,,,,,20,60,20,,,,,,,
2014Aug,7,11.7,,,,,,,,,,,,,,,,,,,
2014Aug,8,11.5,,,,,,,,1,2,11,22,25,19,14,4,2,,,
2014Aug,14,,,,,,,,,,,,,,,,,,,,
2014Aug,15,11.6,,,,,,,,,5,15,20,30,20,10,,,,,
2014Aug,16,11.1,0,0,0,0,1,2,4,8,13,17,19,16,12,7,1,0,0,0,0
2014Aug,20,11.4,,,,,,,,,,15,35,30,20,,,,,,
2014Aug,22,12.2,,,,,,,,,,,10,20,35,25,10,,,,
2014Aug,23,11.9,,,,,,,,,,,,,,,,,,,
2014Aug,24,12,,,,,,,,,5,10,12.5,20,22.5,15,10,5,,,
2014Aug,26,11.1,,,,,,,,,5,20,50,20,5,,,,,,
2014Aug,29,11.8,,,,,,,,,,,30,60,10,,,,,,
2014Aug,30,,,,,,,,,,,,,,,,,,,,
2014Aug,31,10.2,,,,,,,10,25,35,20,10,,,,,,,,
2014Aug,32,,,,,,,,,,,,,,,,,,,,
2014Aug,33,11.5,,,,,,,,,10,10,30,30,10,10,,,,,
2014Aug,37,11.1,,,,,,,,,2,28,40,27,3,,,,,,
2014Aug,38,11.5,,,,,,,,,,,20,60,20,,,,,,
2014Aug,39,11,,,,,,,,,10,20,45,20,5,,,,,,
2014Aug,41,,,,,,,,,,,,,,,,,,,,
2014Aug,42,10.6,,,,,,,,5,15,45,30,5,,,,,,,
2014Aug,47,12.2,,,,,,,,,,,,,,,,,,,
2014Aug,48,,,,,,,,,,,,,,,,,,,,
2014Aug,52,12.4,0,0,0,0,0,0,0,0,0,1,3,13,51,27,5,0,0,0,0
2014Aug,56,11.2,0,0,0,0,0,0,0,5,5,10,50,20,5,5,0,0,0,0,0
2014Aug,57,9.5,,,,,,,,,,,,,,,,,,,
2014Aug,58,,,,,,,,,,,,,,,,,,,,
2014Aug,67,,,,,,,,,,,,,,,,,,,,
2014Aug,68,,,,,,,,,,,,,,,,,,,,
2014Aug,70,,,,,,,,,,,,,,,,,,,,
2014Aug,82,,,,,,,,,,,,,,,,,,,,
2014Aug,84,,,,,,,,,,,,,,,,,,,,
2014Aug,85,11.1969134296,.0000805646,.0007853994,.0064594823,.0415513672,.2090899635,.8232186596,2.5362827776,6.1155805453,11.5420167807,17.0515646083,19.7200014395,17.8532783696,12.6529489565,7.0195476477,3.0481610606,1.0359381216,.2755127045,.0573319435,.010649608
2014Aug,88,11.6,,,,,,,,2.5,5,12.5,17.5,25,17.5,12.5,5,2.5,,,
2014Aug,89,11.3,0,0,0,0,0,0,2.5,7.5,15,15,20,15,15,7.5,2.5,0,0,0,0
2014Aug,92,,,,,,,,,,,,,,,,,,,,
2014Aug,93,,,,,,,,,,,,,,,,,,,,
2014Aug,94,10.6,,,,,2,6,8,10,14,25,14,12,6,3,,,,,
2014Aug,95,11.585,0,0,0,1.1111111111,2.1111111111,3.1111111111,3.6666666667,4.1111111111,5.6666666667,7.6666666667,15.5555555556,21.9999999999,19,9,4,2,1,0,0
2014Aug,96,11,,,,,,,,,,,,,,,,,,,
2014Aug,98,10.9,,,,,,,5,10,15,30,25,10,5,,,,,,
2014Aug,99,,,,,,,,,,,,,,,,,,,,
2014Aug,101,,,,,,,,,,,,,,,,,,,,
2014Aug,103,,,,,,,,,,,,,,,,,,,,
2014Aug,104,10.8,0,0,0,0,0,0,5,10,15,35,20,10,5,0,0,0,0,0,0
2014Aug,105,11,,,,,,,,,20,20,60,,,,,,,,
2014Aug,107,11.8,0,0,.0000000007,.000000117,.0000104254,.0005116676,.0138680682,.2081517364,1.7351114109,8.0547705254,20.8725515864,30.2415097048,24.5149556994,11.1145176287,2.8143575891,.3971475155,.0311493386,.0013869859,0
2014Aug,108,10.88555,,,,,1.1,4.03,6.99,9.95,12.91,15.87,15.68,12.68,9.67,6.67,3.67,.78,,,
2014Aug,110,11.4,.0052764865,.0131970875,.0589835539,.2031238738,.5992763201,1.5147571729,3.2803535439,6.0865362984,9.6760923383,13.1800276616,15.382375663,15.3823756632,13.1800276616,9.6760923383,6.0865362984,3.2803535439,1.5147571729,.5992763201,.2805810017
2014Aug,111,,,,,,,,,,,,,,,,,,,,
2014Aug,112,10.5,,,,,,,5,10,20,30,20,10,5,,,,,,
2017,1,9.8,,,,,,5,20,40,30,5,,,,,,,,,
2017,2,8,4,7,12,18,17,12,8,6,5,4,3,2,1,1,,,,,
2017,3,,,,,,,,,,,,,,,,,,,,
2017,4,,,,,,,,,,,,,,,,,,,,
2017,5,7.5,,,20,40,20,10,10,,,,,,,,,,,,
2017,6,9.5,,,,,,,15,40,30,15,,,,,,,,,
2017,7,10.7,,,,,,,,,,,,,,,,,,,
2017,8,8.5,,,1,8,20,25,19,13,8,5,1,,,,,,,,
2017,14,,,,,,,,,,,,,,,,,,,,
2017,15,9,,,5,10,15,15,30,10,10,5,,,,,,,,,
2017,16,9.6,1,3,5,6,8,10,13,17,13,12,6,3,2,1,0,0,0,0,0
2017,20,10.2,,,,,,,5,20,30,20,15,10,,,,,,,
2017,22,9,,,,,10,20,40,20,10,,,,,,,,,,
2017,23,8,1,2,5,11,14,12,10,9,8,7,6,5,4,3,2,1,,,
2017,24,9.7,,,,5,8,10,15,20,18,12.5,9,2.5,,,,,,,
2017,26,10,,,,,2.5,7.5,15,25,25,15,7.5,2.5,,,,,,,
2017,29,11,,,,,,,,,,30,50,20,,,,,,,
2017,30,,,,,,,,,,,,,,,,,,,,
2017,31,8,,,10,20,30,25,10,5,,,,,,,,,,,
2017,32,,,,,,,,,,,,,,,,,,,,
2017,33,8,,10,20,20,20,20,10,,,,,,,,,,,,
2017,37,8.8,,,,2,10,29,26,24,6,3,,,,,,,,,
2017,38,,,,,,,,,,,,,,,,,,,,
2017,39,9.4,,,,,,20,40,25,10,5,,,,,,,,,
2017,41,,,,,,,,,,,,,,,,,,,,
2017,42,8.8,,,,,10,70,10,10,,,,,,,,,,,
2017,47,,,,,,,,,,,,,,,,,,,,
2017,48,,,,,,,,,,,,,,,,,,,,
2017,52,9.4,0,0,0,0,3,11,41,36,8,1,0,0,0,0,0,0,0,0,0
2017,56,8.5,0,0,5,10,25,20,15,10,5,5,5,0,0,0,0,0,0,0,0
2017,57,8,,,,,,,,,,,,,,,,,,,
2017,58,8.5,,,,,,,,,,,,,,,,,,,
2017,67,,,,,,,,,,,,,,,,,,,,
2017,68,,,,,,,,,,,,,,,,,,,,
2017,70,8.4,,,,,55,45,,,,,,,,,,,,,
2017,82,,,,,,,,,,,,,,,,,,,,
2017,84,9.9,0,0,1,3,7,14,17,24,20,8,3,1,1,1,0,0,0,0,0
2017,85,,,,,,,,,,,,,,,,,,,,
2017,88,9.6,,,,,5,11,20,28,20,11,5,,,,,,,,
2017,89,8,5,10,15,20,20,15,10,5,0,0,0,0,0,0,0,0,0,0,0
2017,92,,,,,,,,,,,,,,,,,,,,
2017,93,10,,,,,,5,10,15,65,5,,,,,,,,,
2017,94,6.8,30,50,15,5,,,,,,,,,,,,,,,
2017,95,9.0264705882,0,0,5,14.7647058824,13.8823529412,17.6470588235,25.6470588235,13.7647058824,6.6470588235,2.6470588235,0,0,0,0,0,0,0,0,0
2017,96,,,,,,,,,,,,,,,,,,,,
2017,98,8.5,,,7.5,17.5,25,25,15,10,,,,,,,,,,,
2017,99,8.8,,,,,10,60,30,,,,,,,,,,,,
2017,101,,,,,,,,,,,,,,,,,,,,
2017,103,,,,,,,,,,,,,,,,,,,,
2017,104,9,0,0,5,10,15,20,25,15,5,5,0,0,0,0,0,0,0,0,0
2017,105,9.8,,,,,,10,25,35,25,5,,,,,,,,,
2017,107,10,.1090602062,.304341969,.9232358403,2.3413450826,4.9640819636,8.7993124461,13.0408792495,16.159270562,16.741639915,14.5022828702,10.5034936425,6.3603833448,3.2201365112,1.3629896754,.4823037217,.1426716907,.0352793627,.0072919465,0
2017,108,9.72716925,3.33,2.8,4.7,6.02,7.35,8.68,10,11.17,10.4,9.07,7.74,6.4,5.07,3.74,2.4,1.07,.06,,
2017,110,9,.6951814354,1.2453708771,3.8310934088,8.1846007453,13.7919409873,18.3329533817,19.2235257479,15.9011903586,10.3755844376,5.340235351,2.1679060285,.694080265,.175232961,.0348817613,.0054738198,.0006770485,.0000659949,.0000050685,.0000003218
2017,111,,,,,,,,,,,,,,,,,,,,
2017,112,9,,,,5,10,20,30,20,10,5,,,,,,,,,
,,,,,,,,,,,,,,,,,,,,,
ASSUMPTIONS,,,,,,,,,,,,,,,,,,,,,
TARGET_PERIOD,FCT_SOURCE,OIL,IR,USD,LAB,,,,,,,,,,,,,,,,
2012,1,,,,,,,,,,,,,,,,,,,,
2012,2,,,,1.9,,,,,,,,,,,,,,,,
2012,3,,,,,,,,,,,,,,,,,,,,
2012,4,,,,,,,,,,,,,,,,,,,,
2012,5,,,,2.2,,,,,,,,,,,,,,,,
2012,6,,,,1.6,,,,,,,,,,,,,,,,
2012,7,,,,2,,,,,,,,,,,,,,,,
2012,8,,,,1.7,,,,,,,,,,,,,,,,
2012,14,,,,,,,,,,,,,,,,,,,,
2012,15,,,,,,,,,,,,,,,,,,,,
2012,16,,,,2.2,,,,,,,,,,,,,,,,
2012,20,,,,1.8,,,,,,,,,,,,,,,,
2012,22,,,,2,,,,,,,,,,,,,,,,
2012,23,,,,1.8,,,,,,,,,,,,,,,,
2012,24,,,,1.7,,,,,,,,,,,,,,,,
2012,26,,,,,,,,,,,,,,,,,,,,
2012,29,,,,2,,,,,,,,,,,,,,,,
2012,30,,,,,,,,,,,,,,,,,,,,
2012,31,,,,,,,,,,,,,,,,,,,,
2012,32,,,,1.2,,,,,,,,,,,,,,,,
2012,33,,,,,,,,,,,,,,,,,,,,
2012,37,,,,,,,,,,,,,,,,,,,,
2012,38,,,,2.3,,,,,,,,,,,,,,,,
2012,39,,,,1.65,,,,,,,,,,,,,,,,
2012,41,,,,,,,,,,,,,,,,,,,,
2012,42,,,,,,,,,,,,,,,,,,,,
2012,47,,,,1.7,,,,,,,,,,,,,,,,
2012,48,,,,,,,,,,,,,,,,,,,,
2012,52,,,,1.8,,,,,,,,,,,,,,,,
2012,56,,,,,,,,,,,,,,,,,,,,
2012,57,,,,,,,,,,,,,,,,,,,,
2012,58,,,,3.5,,,,,,,,,,,,,,,,
2012,67,,,,,,,,,,,,,,,,,,,,
2012,68,,,,,,,,,,,,,,,,,,,,
2012,70,,,,2.1,,,,,,,,,,,,,,,,
2012,82,,,,,,,,,,,,,,,,,,,,
2012,84,,,,1.8,,,,,,,,,,,,,,,,
2012,85,,,,,,,,,,,,,,,,,,,,
2012,88,,,,1.6,,,,,,,,,,,,,,,,
2012,89,,,,,,,,,,,,,,,,,,,,
2012,92,,,,,,,,,,,,,,,,,,,,
2012,93,,,,2,,,,,,,,,,,,,,,,
2012,94,,,,2.6,,,,,,,,,,,,,,,,
2012,95,,,,2,,,,,,,,,,,,,,,,
2012,96,,,,,,,,,,,,,,,,,,,,
2012,98,,,,1.75,,,,,,,,,,,,,,,,
2012,99,,,,1.6,,,,,,,,,,,,,,,,
2012,101,,,,2,,,,,,,,,,,,,,,,
2012,103,,,,1.8,,,,,,,,,,,,,,,,
2012,104,,,,2.1,,,,,,,,,,,,,,,,
2012,105,,,,1.9,,,,,,,,,,,,,,,,
2012,107,,,,2.2,,,,,,,,,,,,,,,,
2012,108,,,,2.6,,,,,,,,,,,,,,,,
2012,110,,,,,,,,,,,,,,,,,,,,
2012,111,,,,,,,,,,,,,,,,,,,,
2012,112,,,,3,,,,,,,,,,,,,,,,
2012Q4,1,105,.5,1.2325375,,,,,,,,,,,,,,,,,
2012Q4,2,115,.75,1.2987012987,,,,,,,,,,,,,,,,,
2012Q4,3,,.75,,,,,,,,,,,,,,,,,,
2012Q4,4,109,.75,1.3,,,,,,,,,,,,,,,,,
2012Q4,5,114,.75,1.25,,,,,,,,,,,,,,,,,
2012Q4,6,115,.5,1.25,,,,,,,,,,,,,,,,,
2012Q4,7,110,.75,1.3,,,,,,,,,,,,,,,,,
2012Q4,8,115,.75,1.3,,,,,,,,,,,,,,,,,
2012Q4,14,92,.75,1.3,,,,,,,,,,,,,,,,,
2012Q4,15,110,,1.24,,,,,,,,,,,,,,,,,
2012Q4,16,114,.75,1.3,,,,,,,,,,,,,,,,,
2012Q4,20,115,.75,1.3,,,,,,,,,,,,,,,,,
2012Q4,22,115,.75,1.32,,,,,,,,,,,,,,,,,
2012Q4,23,113,.75,1.23,,,,,,,,,,,,,,,,,
2012Q4,24,115,.75,1.28,,,,,,,,,,,,,,,,,
2012Q4,26,110,.75,1.3,,,,,,,,,,,,,,,,,
2012Q4,29,92,.75,1.31,,,,,,,,,,,,,,,,,
2012Q4,30,111,.75,1.3,,,,,,,,,,,,,,,,,
2012Q4,31,,.75,,,,,,,,,,,,,,,,,,
2012Q4,32,115.3,.8,1.25,,,,,,,,,,,,,,,,,
2012Q4,33,,,,,,,,,,,,,,,,,,,,
2012Q4,37,115,.63,1.3,,,,,,,,,,,,,,,,,
2012Q4,38,113,.5,1.3,,,,,,,,,,,,,,,,,
2012Q4,39,108.6083082649,.75,1.32,,,,,,,,,,,,,,,,,
2012Q4,41,110,.5,1.3,,,,,,,,,,,,,,,,,
2012Q4,42,105,.25,1.28,,,,,,,,,,,,,,,,,
2012Q4,47,109.03,.75,1.2489906667,,,,,,,,,,,,,,,,,
2012Q4,48,,.5,1.25,,,,,,,,,,,,,,,,,
2012Q4,52,112,.5,1.27,,,,,,,,,,,,,,,,,
2012Q4,56,110,.5,1.3,,,,,,,,,,,,,,,,,
2012Q4,57,110,.75,1.3,,,,,,,,,,,,,,,,,
2012Q4,58,115.8,.75,,,,,,,,,,,,,,,,,,
2012Q4,67,110,.75,1.29,,,,,,,,,,,,,,,,,
2012Q4,68,111,.5,1.2,,,,,,,,,,,,,,,,,
2012Q4,70,,.75,,,,,,,,,,,,,,,,,,
2012Q4,82,,,1.35,,,,,,,,,,,,,,,,,
2012Q4,84,99.8,.75,1.27,,,,,,,,,,,,,,,,,
2012Q4,85,107.8,.75,1.27,,,,,,,,,,,,,,,,,
2012Q4,88,107,.75,,,,,,,,,,,,,,,,,,
2012Q4,89,109.93,.75,1.2942766667,,,,,,,,,,,,,,,,,
2012Q4,92,,,,,,,,,,,,,,,,,,,,
2012Q4,93,90,.75,1.31,,,,,,,,,,,,,,,,,
2012Q4,94,117,.58,1.33,,,,,,,,,,,,,,,,,
2012Q4,95,107,.75,1.3,,,,,,,,,,,,,,,,,
2012Q4,96,110,.5,1.35,,,,,,,,,,,,,,,,,
2012Q4,98,110,.75,1.26,,,,,,,,,,,,,,,,,
2012Q4,99,118,.5,1.24,,,,,,,,,,,,,,,,,
2012Q4,101,115,.75,1.2195121951,,,,,,,,,,,,,,,,,
2012Q4,103,110,.75,1.28,,,,,,,,,,,,,,,,,
2012Q4,104,117,.75,1.29,,,,,,,,,,,,,,,,,
2012Q4,105,,.75,1.31,,,,,,,,,,,,,,,,,
2012Q4,107,,.75,,,,,,,,,,,,,,,,,,
2012Q4,108,100.5,.75,1.28,,,,,,,,,,,,,,,,,
2012Q4,110,115,.75,1.3,,,,,,,,,,,,,,,,,
2012Q4,111,114,,1.3,,,,,,,,,,,,,,,,,
2012Q4,112,115,.5,1.3,,,,,,,,,,,,,,,,,
2013,1,105,.5,1.23,,,,,,,,,,,,,,,,,
2013,2,125,.75,1.2987012987,2,,,,,,,,,,,,,,,,
2013,3,,1.25,,,,,,,,,,,,,,,,,,
2013,4,111,.75,1.25,,,,,,,,,,,,,,,,,
2013,5,100,.5,1.3,2,,,,,,,,,,,,,,,,
2013,6,120,.5,1.25,1.8,,,,,,,,,,,,,,,,
2013,7,110,.75,1.3,1.7,,,,,,,,,,,,,,,,
2013,8,120,.75,1.34,1.6,,,,,,,,,,,,,,,,
2013,14,105,1,1.3,,,,,,,,,,,,,,,,,
2013,15,117,,1.24,,,,,,,,,,,,,,,,,
2013,16,110,.8,1.33,1.9,,,,,,,,,,,,,,,,
2013,20,118,.5,1.3,1.8,,,,,,,,,,,,,,,,
2013,22,105,.5,1.25,2.2,,,,,,,,,,,,,,,,
2013,23,116,.75,1.19,2.1,,,,,,,,,,,,,,,,
2013,24,113.5,.5,1.27,1.7,,,,,,,,,,,,,,,,
2013,26,118,.75,1.32,,,,,,,,,,,,,,,,,
2013,29,95,.75,1.31,2,,,,,,,,,,,,,,,,
2013,30,111,.5,1.3,,,,,,,,,,,,,,,,,
2013,31,,.5,,,,,,,,,,,,,,,,,,
2013,32,116.7,.8,1.25,.2,,,,,,,,,,,,,,,,
2013,33,,,,,,,,,,,,,,,,,,,,
2013,37,120,.55,1.35,,,,,,,,,,,,,,,,,
2013,38,118,.5,1.35,.9,,,,,,,,,,,,,,,,
2013,39,107.2,.75,1.33,1.6,,,,,,,,,,,,,,,,
2013,41,95,.75,1.3,,,,,,,,,,,,,,,,,
2013,42,100,.25,1.3,,,,,,,,,,,,,,,,,
2013,47,108.5,.5,1.25,1.1,,,,,,,,,,,,,,,,
2013,48,,.5,1.25,,,,,,,,,,,,,,,,,
2013,52,119,.5,1.25,1.3,,,,,,,,,,,,,,,,
2013,56,107,.5,1.27,,,,,,,,,,,,,,,,,
2013,57,120,.5,1.33,,,,,,,,,,,,,,,,,
2013,58,115,.75,,1.2,,,,,,,,,,,,,,,,
2013,67,100,.75,1.27,,,,,,,,,,,,,,,,,
2013,68,109,.5,1.2,,,,,,,,,,,,,,,,,
2013,70,110,.75,1.25,1.7,,,,,,,,,,,,,,,,
2013,82,,,1.4,,,,,,,,,,,,,,,,,
2013,84,93.4,.38,1.17,2,,,,,,,,,,,,,,,,
2013,85,113.1,.75,1.299,,,,,,,,,,,,,,,,,
2013,88,104,.5,,1.7,,,,,,,,,,,,,,,,
2013,89,106.5083333333,.75,1.2950833333,,,,,,,,,,,,,,,,,
2013,92,,,,,,,,,,,,,,,,,,,,
2013,93,95,.75,1.32,2,,,,,,,,,,,,,,,,
2013,94,126,.5,1.41,2.4,,,,,,,,,,,,,,,,
2013,95,101,.5,1.29,2,,,,,,,,,,,,,,,,
2013,96,115,.5,1.34,,,,,,,,,,,,,,,,,
2013,98,110,.5,1.37,1.5,,,,,,,,,,,,,,,,
2013,99,122,.5,1.2,1.4,,,,,,,,,,,,,,,,
2013,101,116.3,.5,1.16,2.4,,,,,,,,,,,,,,,,
2013,103,110,.81,1.23,1.7,,,,,,,,,,,,,,,,
2013,104,127,.5,1.27,1.8,,,,,,,,,,,,,,,,
2013,105,,.75,1.27,2,,,,,,,,,,,,,,,,
2013,107,,.5,,2.1,,,,,,,,,,,,,,,,
2013,108,98.3,.75,1.28,2.1,,,,,,,,,,,,,,,,
2013,110,117,.5,1.3,,,,,,,,,,,,,,,,,
2013,111,,,,,,,,,,,,,,,,,,,,
2013,112,116,.5,1.35,3,,,,,,,,,,,,,,,,
2013Q1,1,100,.5,1.2325375,,,,,,,,,,,,,,,,,
2013Q1,2,118,.75,1.2987012987,,,,,,,,,,,,,,,,,
2013Q1,3,,.75,,,,,,,,,,,,,,,,,,
2013Q1,4,108,.75,1.3,,,,,,,,,,,,,,,,,
2013Q1,5,110,.5,1.2,,,,,,,,,,,,,,,,,
2013Q1,6,115,.5,1.25,,,,,,,,,,,,,,,,,
2013Q1,7,110,.75,1.3,,,,,,,,,,,,,,,,,
2013Q1,8,117,.75,1.32,,,,,,,,,,,,,,,,,
2013Q1,14,96,.75,1.3,,,,,,,,,,,,,,,,,
2013Q1,15,115,,1.24,,,,,,,,,,,,,,,,,
2013Q1,16,112,.75,1.31,,,,,,,,,,,,,,,,,
2013Q1,20,115,.5,1.3,,,,,,,,,,,,,,,,,
2013Q1,22,110,.5,1.28,,,,,,,,,,,,,,,,,
2013Q1,23,113,.75,1.21,,,,,,,,,,,,,,,,,
2013Q1,24,112,.5,1.3,,,,,,,,,,,,,,,,,
2013Q1,26,115,.75,1.3,,,,,,,,,,,,,,,,,
2013Q1,29,92,.75,1.31,,,,,,,,,,,,,,,,,
2013Q1,30,111,.5,1.3,,,,,,,,,,,,,,,,,
2013Q1,31,,.5,,,,,,,,,,,,,,,,,,
2013Q1,32,115.8,.8,1.25,,,,,,,,,,,,,,,,,
2013Q1,33,,,,,,,,,,,,,,,,,,,,
2013Q1,37,115,.5,1.3,,,,,,,,,,,,,,,,,
2013Q1,38,115,.5,1.33,,,,,,,,,,,,,,,,,
2013Q1,39,107.0340204443,.75,1.34,,,,,,,,,,,,,,,,,
2013Q1,41,,.5,,,,,,,,,,,,,,,,,,
2013Q1,42,100,.25,1.3,,,,,,,,,,,,,,,,,
2013Q1,47,107.6666666667,.5,1.23,,,,,,,,,,,,,,,,,
2013Q1,48,,.5,1.25,,,,,,,,,,,,,,,,,
2013Q1,52,117,.5,1.26,,,,,,,,,,,,,,,,,
2013Q1,56,108,.5,1.29,,,,,,,,,,,,,,,,,
2013Q1,57,112,.5,1.31,,,,,,,,,,,,,,,,,
2013Q1,58,115,.75,,,,,,,,,,,,,,,,,,
2013Q1,67,110,.75,1.29,,,,,,,,,,,,,,,,,
2013Q1,68,110,.5,1.2,,,,,,,,,,,,,,,,,
2013Q1,70,,.75,,,,,,,,,,,,,,,,,,
2013Q1,82,,,1.37,,,,,,,,,,,,,,,,,
2013Q1,84,93.5,.5,1.24,,,,,,,,,,,,,,,,,
2013Q1,85,110.7,.75,1.263,,,,,,,,,,,,,,,,,
2013Q1,88,106,.5,,,,,,,,,,,,,,,,,,
2013Q1,89,105.8766666667,.75,1.294,,,,,,,,,,,,,,,,,
2013Q1,92,,,,,,,,,,,,,,,,,,,,
2013Q1,93,90,.75,1.32,,,,,,,,,,,,,,,,,
2013Q1,94,121,.5,1.36,,,,,,,,,,,,,,,,,
2013Q1,95,106,.5,1.3,,,,,,,,,,,,,,,,,
2013Q1,96,115,.5,1.3,,,,,,,,,,,,,,,,,
2013Q1,98,105,.5,1.28,,,,,,,,,,,,,,,,,
2013Q1,99,120,.5,1.2,,,,,,,,,,,,,,,,,
2013Q1,101,115,.5,1.1760094081,,,,,,,,,,,,,,,,,
2013Q1,103,110,.75,1.23,,,,,,,,,,,,,,,,,
2013Q1,104,120,.5,1.31,,,,,,,,,,,,,,,,,
2013Q1,105,,.75,1.25,,,,,,,,,,,,,,,,,
2013Q1,107,,.5,,,,,,,,,,,,,,,,,,
2013Q1,108,99.6,.75,1.28,,,,,,,,,,,,,,,,,
2013Q1,110,116,.5,1.3,,,,,,,,,,,,,,,,,
2013Q1,111,114,,1.3,,,,,,,,,,,,,,,,,
2013Q1,112,117,.5,1.3,,,,,,,,,,,,,,,,,
2013Q2,1,105,.5,1.2325375,,,,,,,,,,,,,,,,,
2013Q2,2,120,.75,1.2987012987,,,,,,,,,,,,,,,,,
2013Q2,3,,1.25,,,,,,,,,,,,,,,,,,
2013Q2,4,110,.75,1.25,,,,,,,,,,,,,,,,,
2013Q2,5,110,.5,1.2,,,,,,,,,,,,,,,,,
2013Q2,6,120,.5,1.25,,,,,,,,,,,,,,,,,
2013Q2,7,110,.75,1.3,,,,,,,,,,,,,,,,,
2013Q2,8,119,.75,1.34,,,,,,,,,,,,,,,,,
2013Q2,14,100,.75,1.3,,,,,,,,,,,,,,,,,
2013Q2,15,115,,1.24,,,,,,,,,,,,,,,,,
2013Q2,16,110,.75,1.33,,,,,,,,,,,,,,,,,
2013Q2,20,117,.5,1.3,,,,,,,,,,,,,,,,,
2013Q2,22,105,.5,1.25,,,,,,,,,,,,,,,,,
2013Q2,23,115,.75,1.19,,,,,,,,,,,,,,,,,
2013Q2,24,115,.5,1.27,,,,,,,,,,,,,,,,,
2013Q2,26,120,.75,1.32,,,,,,,,,,,,,,,,,
2013Q2,29,95,.75,1.31,,,,,,,,,,,,,,,,,
2013Q2,30,111,.5,1.3,,,,,,,,,,,,,,,,,
2013Q2,31,,.5,,,,,,,,,,,,,,,,,,
2013Q2,32,116.4,.8,1.25,,,,,,,,,,,,,,,,,
2013Q2,33,,,,,,,,,,,,,,,,,,,,
2013Q2,37,120,.5,1.3,,,,,,,,,,,,,,,,,
2013Q2,38,117,.5,1.35,,,,,,,,,,,,,,,,,
2013Q2,39,106.5985392493,.75,1.34,,,,,,,,,,,,,,,,,
2013Q2,41,,.5,,,,,,,,,,,,,,,,,,
2013Q2,42,100,.25,1.3,,,,,,,,,,,,,,,,,
2013Q2,47,107.3333333333,.5,1.23,,,,,,,,,,,,,,,,,
2013Q2,48,,.5,1.25,,,,,,,,,,,,,,,,,
2013Q2,52,125,.5,1.25,,,,,,,,,,,,,,,,,
2013Q2,56,107,.5,1.28,,,,,,,,,,,,,,,,,
2013Q2,57,116,.5,1.33,,,,,,,,,,,,,,,,,
2013Q2,58,115,.75,,,,,,,,,,,,,,,,,,
2013Q2,67,105,.75,1.28,,,,,,,,,,,,,,,,,
2013Q2,68,109,.5,1.2,,,,,,,,,,,,,,,,,
2013Q2,70,,.75,,,,,,,,,,,,,,,,,,
2013Q2,82,,,1.38,,,,,,,,,,,,,,,,,
2013Q2,84,93,.5,1.19,,,,,,,,,,,,,,,,,
2013Q2,85,112,.75,1.297,,,,,,,,,,,,,,,,,
2013Q2,88,104,.5,,,,,,,,,,,,,,,,,,
2013Q2,89,106.01,.75,1.294,,,,,,,,,,,,,,,,,
2013Q2,92,,,,,,,,,,,,,,,,,,,,
2013Q2,93,92,.75,1.32,,,,,,,,,,,,,,,,,
2013Q2,94,124,.5,1.34,,,,,,,,,,,,,,,,,
2013Q2,95,104,.5,1.28,,,,,,,,,,,,,,,,,
2013Q2,96,120,.5,1.33,,,,,,,,,,,,,,,,,
2013Q2,98,110,.5,1.32,,,,,,,,,,,,,,,,,
2013Q2,99,122,.5,1.19,,,,,,,,,,,,,,,,,
2013Q2,101,115,.5,1.1655011655,,,,,,,,,,,,,,,,,
2013Q2,103,110,.75,1.23,,,,,,,,,,,,,,,,,
2013Q2,104,127,.5,1.28,,,,,,,,,,,,,,,,,
2013Q2,105,,.75,1.28,,,,,,,,,,,,,,,,,
2013Q2,107,,.5,,,,,,,,,,,,,,,,,,
2013Q2,108,98.7,.75,1.28,,,,,,,,,,,,,,,,,
2013Q2,110,116,.5,1.3,,,,,,,,,,,,,,,,,
2013Q2,111,,,,,,,,,,,,,,,,,,,,
2013Q2,112,115,.5,1.35,,,,,,,,,,,,,,,,,
2013Q3,1,105,.5,1.2325375,,,,,,,,,,,,,,,,,
2013Q3,2,125,.75,1.2987012987,,,,,,,,,,,,,,,,,
2013Q3,3,,1.5,,,,,,,,,,,,,,,,,,
2013Q3,4,112,.75,1.25,,,,,,,,,,,,,,,,,
2013Q3,5,105,.5,1.2,,,,,,,,,,,,,,,,,
2013Q3,6,120,.5,1.25,,,,,,,,,,,,,,,,,
2013Q3,7,110,.75,1.3,,,,,,,,,,,,,,,,,
2013Q3,8,121,.75,1.36,,,,,,,,,,,,,,,,,
2013Q3,14,110,.75,1.3,,,,,,,,,,,,,,,,,
2013Q3,15,119,,1.24,,,,,,,,,,,,,,,,,
2013Q3,16,109,.75,1.35,,,,,,,,,,,,,,,,,
2013Q3,20,120,.5,1.3,,,,,,,,,,,,,,,,,
2013Q3,22,100,.5,1.25,,,,,,,,,,,,,,,,,
2013Q3,23,117,.75,1.18,,,,,,,,,,,,,,,,,
2013Q3,24,115,.5,1.25,,,,,,,,,,,,,,,,,
2013Q3,26,115,.75,1.32,,,,,,,,,,,,,,,,,
2013Q3,29,95,.75,1.31,,,,,,,,,,,,,,,,,
2013Q3,30,111,.5,1.3,,,,,,,,,,,,,,,,,
2013Q3,31,,.5,,,,,,,,,,,,,,,,,,
2013Q3,32,117,.8,1.25,,,,,,,,,,,,,,,,,
2013Q3,33,,,,,,,,,,,,,,,,,,,,
2013Q3,37,122,.5,1.35,,,,,,,,,,,,,,,,,
2013Q3,38,120,.5,1.37,,,,,,,,,,,,,,,,,
2013Q3,39,107.0847033885,.75,1.35,,,,,,,,,,,,,,,,,
2013Q3,41,95,.5,1.3,,,,,,,,,,,,,,,,,
2013Q3,42,100,.25,1.3,,,,,,,,,,,,,,,,,
2013Q3,47,108.3333333333,.5,1.2433333333,,,,,,,,,,,,,,,,,
2013Q3,48,,.5,1.25,,,,,,,,,,,,,,,,,
2013Q3,52,125,.5,1.25,,,,,,,,,,,,,,,,,
2013Q3,56,106,.5,1.27,,,,,,,,,,,,,,,,,
2013Q3,57,121,.5,1.33,,,,,,,,,,,,,,,,,
2013Q3,58,115,.75,,,,,,,,,,,,,,,,,,
2013Q3,67,105,.75,1.27,,,,,,,,,,,,,,,,,
2013Q3,68,108,.5,1.2,,,,,,,,,,,,,,,,,
2013Q3,70,,.75,,,,,,,,,,,,,,,,,,
2013Q3,82,,,1.39,,,,,,,,,,,,,,,,,
2013Q3,84,93.9,.25,1.12,,,,,,,,,,,,,,,,,
2013Q3,85,114.1,.75,1.315,,,,,,,,,,,,,,,,,
2013Q3,88,102,.5,,,,,,,,,,,,,,,,,,
2013Q3,89,106.7233333333,.75,1.294,,,,,,,,,,,,,,,,,
2013Q3,92,,,,,,,,,,,,,,,,,,,,
2013Q3,93,95,.75,1.32,,,,,,,,,,,,,,,,,
2013Q3,94,127,.5,1.42,,,,,,,,,,,,,,,,,
2013Q3,95,102,.5,1.27,,,,,,,,,,,,,,,,,
2013Q3,96,110,.5,1.36,,,,,,,,,,,,,,,,,
2013Q3,98,115,.5,1.35,,,,,,,,,,,,,,,,,
2013Q3,99,122,.5,1.18,,,,,,,,,,,,,,,,,
2013Q3,101,116,.5,1.1614401858,,,,,,,,,,,,,,,,,
2013Q3,103,110,.75,1.23,,,,,,,,,,,,,,,,,
2013Q3,104,127,.5,1.27,,,,,,,,,,,,,,,,,
2013Q3,105,,.75,1.27,,,,,,,,,,,,,,,,,
2013Q3,107,,.5,,,,,,,,,,,,,,,,,,
2013Q3,108,97.8,.75,1.28,,,,,,,,,,,,,,,,,
2013Q3,110,117,.5,1.3,,,,,,,,,,,,,,,,,
2013Q3,111,,,,,,,,,,,,,,,,,,,,
2013Q3,112,120,.5,1.3,,,,,,,,,,,,,,,,,
2014,1,105,.5,1.23,,,,,,,,,,,,,,,,,
2014,2,130,1,1.2987,2.2,,,,,,,,,,,,,,,,
2014,3,,2.5,,,,,,,,,,,,,,,,,,
2014,4,115,.8,1.15,,,,,,,,,,,,,,,,,
2014,5,100,.5,1.3,1.5,,,,,,,,,,,,,,,,
2014,6,120,.5,1.3,2,,,,,,,,,,,,,,,,
2014,7,110,.9,1.3,1.7,,,,,,,,,,,,,,,,
2014,8,120,.83,1.36,1.8,,,,,,,,,,,,,,,,
2014,14,112,1.25,1.3,,,,,,,,,,,,,,,,,
2014,15,120,,1.25,,,,,,,,,,,,,,,,,
2014,16,107,1.25,1.32,2.1,,,,,,,,,,,,,,,,
2014,20,123,.5,1.3,2,,,,,,,,,,,,,,,,
2014,22,110,.5,1.2,2.2,,,,,,,,,,,,,,,,
2014,23,118,.75,1.16,2.3,,,,,,,,,,,,,,,,
2014,24,110,.75,1.2,1.7,,,,,,,,,,,,,,,,
2014,26,118,.75,1.35,,,,,,,,,,,,,,,,,
2014,29,97,1,1.31,2.2,,,,,,,,,,,,,,,,
2014,30,,,,,,,,,,,,,,,,,,,,
2014,31,,1,,,,,,,,,,,,,,,,,,
2014,32,,,,,,,,,,,,,,,,,,,,
2014,33,,,,,,,,,,,,,,,,,,,,
2014,37,130,1.2,1.38,,,,,,,,,,,,,,,,,
2014,38,114,.5,1.33,1.3,,,,,,,,,,,,,,,,
2014,39,113.5,1,1.36,1.8,,,,,,,,,,,,,,,,
2014,41,,,,,,,,,,,,,,,,,,,,
2014,42,100,.25,1.3,,,,,,,,,,,,,,,,,
2014,47,112,.5,1.25,1.1,,,,,,,,,,,,,,,,
2014,48,,.5,1.25,,,,,,,,,,,,,,,,,
2014,52,,.5,1.25,1.3,,,,,,,,,,,,,,,,
2014,56,110,.7,1.25,,,,,,,,,,,,,,,,,
2014,57,110,.75,1.35,,,,,,,,,,,,,,,,,
2014,58,115,.5,,1,,,,,,,,,,,,,,,,
2014,67,100,1,1.22,,,,,,,,,,,,,,,,,
2014,68,109,.5,1.2,,,,,,,,,,,,,,,,,
2014,70,115,.75,1.2,1.9,,,,,,,,,,,,,,,,
2014,82,,,,,,,,,,,,,,,,,,,,
2014,84,90,.63,1.25,2.3,,,,,,,,,,,,,,,,
2014,85,116.4,.85,1.328,,,,,,,,,,,,,,,,,
2014,88,104,.52,,1.8,,,,,,,,,,,,,,,,
2014,89,108.0683333333,.9,1.31,,,,,,,,,,,,,,,,,
2014,92,,,,,,,,,,,,,,,,,,,,
2014,93,100,.75,1.32,2.2,,,,,,,,,,,,,,,,
2014,94,130,1.5,1.45,2.4,,,,,,,,,,,,,,,,
2014,95,110,.75,1.28,2,,,,,,,,,,,,,,,,
2014,96,120,.5,1.3,,,,,,,,,,,,,,,,,
2014,98,120,1.25,1.4,2.25,,,,,,,,,,,,,,,,
2014,99,110,.88,1.24,1.6,,,,,,,,,,,,,,,,
2014,101,,,,,,,,,,,,,,,,,,,,
2014,103,,,,,,,,,,,,,,,,,,,,
2014,104,130,.5,1.24,2,,,,,,,,,,,,,,,,
2014,105,,1.5,1.34,2.2,,,,,,,,,,,,,,,,
2014,107,,1,,2.4,,,,,,,,,,,,,,,,
2014,108,94.7,.875,1.28,1.9,,,,,,,,,,,,,,,,
2014,110,119,.5,1.3,,,,,,,,,,,,,,,,,
2014,111,,,,,,,,,,,,,,,,,,,,
2014,112,125,1,1.35,3.2,,,,,,,,,,,,,,,,
2017,1,,,,,,,,,,,,,,,,,,,,
2017,2,,,,2.4,,,,,,,,,,,,,,,,
2017,3,,,,,,,,,,,,,,,,,,,,
2017,4,,,,,,,,,,,,,,,,,,,,
2017,5,,,,2,,,,,,,,,,,,,,,,
2017,6,,,,2.2,,,,,,,,,,,,,,,,
2017,7,,,,2.5,,,,,,,,,,,,,,,,
2017,8,,,,2.2,,,,,,,,,,,,,,,,
2017,14,,,,,,,,,,,,,,,,,,,,
2017,15,,,,,,,,,,,,,,,,,,,,
2017,16,,,,2.2,,,,,,,,,,,,,,,,
2017,20,,,,2.2,,,,,,,,,,,,,,,,
2017,22,,,,2.2,,,,,,,,,,,,,,,,
2017,23,,,,2.5,,,,,,,,,,,,,,,,
2017,24,,,,2,,,,,,,,,,,,,,,,
2017,26,,,,,,,,,,,,,,,,,,,,
2017,29,,,,2.5,,,,,,,,,,,,,,,,
2017,30,,,,,,,,,,,,,,,,,,,,
2017,31,,,,,,,,,,,,,,,,,,,,
2017,32,,,,,,,,,,,,,,,,,,,,
2017,33,,,,,,,,,,,,,,,,,,,,
2017,37,,,,,,,,,,,,,,,,,,,,
2017,38,,,,,,,,,,,,,,,,,,,,
2017,39,,,,2.2,,,,,,,,,,,,,,,,
2017,41,,,,,,,,,,,,,,,,,,,,
2017,42,,,,,,,,,,,,,,,,,,,,
2017,47,,,,1.8,,,,,,,,,,,,,,,,
2017,48,,,,,,,,,,,,,,,,,,,,
2017,52,,,,,,,,,,,,,,,,,,,,
2017,56,,,,,,,,,,,,,,,,,,,,
2017,57,,,,,,,,,,,,,,,,,,,,
2017,58,,,,3.1,,,,,,,,,,,,,,,,
2017,67,,,,,,,,,,,,,,,,,,,,
2017,68,,,,,,,,,,,,,,,,,,,,
2017,70,,,,2.3,,,,,,,,,,,,,,,,
2017,82,,,,,,,,,,,,,,,,,,,,
2017,84,,,,2.7,,,,,,,,,,,,,,,,
2017,85,,,,,,,,,,,,,,,,,,,,
2017,88,,,,2,,,,,,,,,,,,,,,,
2017,89,,,,,,,,,,,,,,,,,,,,
2017,92,,,,,,,,,,,,,,,,,,,,
2017,93,,,,2.5,,,,,,,,,,,,,,,,
2017,94,,,,2.5,,,,,,,,,,,,,,,,
2017,95,,,,2,,,,,,,,,,,,,,,,
2017,96,,,,,,,,,,,,,,,,,,,,
2017,98,,,,3.5,,,,,,,,,,,,,,,,
2017,99,,,,1.8,,,,,,,,,,,,,,,,
2017,101,,,,,,,,,,,,,,,,,,,,
2017,103,,,,,,,,,,,,,,,,,,,,
2017,104,,,,2.5,,,,,,,,,,,,,,,,
2017,105,,,,2.3,,,,,,,,,,,,,,,,
2017,107,,,,3,,,,,,,,,,,,,,,,
2017,108,,,,2.3,,,,,,,,,,,,,,,,
2017,110,,,,,,,,,,,,,,,,,,,,
2017,111,,,,,,,,,,,,,,,,,,,,
2017,112,,,,3,,,,,,,,,,,,,,,,
